Time;[0:3];[0:19]
0;6.93921;30
0.01;6.93921;30
0.02;6.93921;30
0.03;6.93921;30
0.04;6.93921;30
0.05;6.93921;30
0.06;6.93921;30
0.07;6.9194;30
0.08;6.9194;30
0.09;6.9194;30
0.1;6.9194;30
0.11;6.9194;30
0.12;6.9194;30
0.13;6.9194;30
0.14;6.9194;30
0.15;6.9194;30
0.16;6.9194;30
0.17;6.9194;30
0.18;6.9194;30
0.19;6.9194;30
0.2;6.9194;30
0.21;6.9194;30
0.22;6.9194;30
0.23;6.9194;30
0.24;6.9194;30
0.25;6.9194;30
0.26;6.9194;30
0.27;6.9194;30
0.28;6.9194;30
0.29;6.9194;30
0.3;6.9194;30
0.31;6.9194;30
0.32;6.9194;30
0.33;6.9194;30
0.34;6.9194;30
0.35;6.9194;30
0.36;6.9194;30
0.37;6.9194;30
0.38;6.9194;30
0.39;6.9194;30
0.4;6.9194;30
0.41;6.9194;30
0.42;6.9194;30
0.43;6.9194;30
0.44;6.9194;30
0.45;6.9194;30
0.46;6.9194;30
0.47;6.93201;30
0.48;6.93201;30
0.49;6.93201;30
0.5;6.93201;30
0.51;6.94011;30
0.52;6.94011;30
0.53;6.94011;30
0.54;6.94011;30
0.55;6.94011;30
0.56;6.94011;30
0.57;6.94011;30
0.58;6.94011;30
0.59;6.94011;30
0.6;6.94011;30
0.61;6.96713;30
0.62;6.96713;30
0.63;6.96713;30
0.64;6.96713;30
0.65;6.96713;30
0.66;6.96713;30
0.67;6.96713;30
0.68;6.96713;30
0.69;6.96713;30
0.7;6.96713;30
0.71;6.96713;30
0.72;6.96713;30
0.73;6.96713;30
0.74;6.96713;30
0.75;6.96713;30
0.76;6.96713;30
0.77;6.96713;30
0.78;6.96713;30
0.79;6.96713;30
0.8;6.96713;30
0.81;6.96713;30
0.82;6.96713;30
0.83;6.96713;30
0.84;6.96713;30
0.85;6.96713;30
0.86;6.96713;30
0.87;6.96713;30
0.88;6.96713;30
0.89;6.96713;30
0.9;6.96713;30
0.91;6.96713;30
0.92;6.96713;30
0.93;6.96713;30
0.94;6.96713;30
0.95;6.96713;30
0.96;6.96713;30
0.97;6.96713;30
0.98;6.96713;30
0.99;6.96713;30
1;6.96713;30
1.01;6.96713;30
1.02;6.96713;30
1.03;6.96713;30
1.04;6.96713;30
1.05;6.96713;30
1.06;6.96713;30
1.07;6.96713;30
1.08;6.97794;30
1.09;6.97794;30
1.1;6.97794;30
1.11;6.97794;30
1.12;6.97794;30
1.13;6.97794;30
1.14;6.97794;30
1.15;6.96803;30
1.16;6.96803;30
1.17;6.96803;30
1.18;6.96803;30
1.19;6.96803;30
1.2;6.96803;30
1.21;6.96803;30
1.22;6.96803;30
1.23;6.96803;30
1.24;6.96803;30
1.25;6.96803;30
1.26;6.96803;30
1.27;6.96803;30
1.28;6.96803;30
1.29;6.96803;30
1.3;6.96803;30
1.31;6.96803;30
1.32;6.96803;30
1.33;6.96803;30
1.34;6.96803;30
1.35;6.96803;30
1.36;6.96803;30
1.37;6.96803;30
1.38;6.96803;30
1.39;6.96803;30
1.4;6.96803;30
1.41;6.96803;30
1.42;6.96803;30
1.43;6.96803;30
1.44;6.96803;30
1.45;6.96803;30
1.46;6.96803;30
1.47;6.96803;30
1.48;6.96803;30
1.49;6.96803;30
1.5;6.96803;30
1.51;6.96803;30
1.52;6.96803;30
1.53;6.96803;30
1.54;6.96803;30
1.55;6.96803;30
1.56;6.96803;30
1.57;6.96803;30
1.58;6.96803;30
1.59;6.96803;30
1.6;6.96803;30
1.61;6.96803;30
1.62;6.96803;30
1.63;6.96803;30
1.64;6.94822;30
1.65;6.94822;30
1.66;6.94822;30
1.67;6.94822;30
1.68;6.94822;30
1.69;6.94822;30
1.7;6.94822;30
1.71;6.94822;30
1.72;6.94822;30
1.73;6.94822;30
1.74;6.93561;30
1.75;6.93561;30
1.76;6.93561;30
1.77;6.93561;30
1.78;6.93561;30
1.79;6.93561;30
1.8;6.93561;30
1.81;6.93561;30
1.82;6.93561;30
1.83;6.93561;30
1.84;6.93561;30
1.85;6.93561;30
1.86;6.9203;30
1.87;6.9203;30
1.88;6.9203;30
1.89;6.9203;30
1.9;6.9203;30
1.91;6.9203;30
1.92;6.9203;30
1.93;6.9203;30
1.94;6.9203;30
1.95;6.9203;30
1.96;6.9203;30
1.97;6.9203;30
1.98;6.9203;30
1.99;6.9203;30
2;6.9203;30
2.01;6.9203;30
2.02;6.9203;30
2.03;6.9203;30
2.04;6.9203;30
2.05;6.9203;30
2.06;6.9203;30
2.07;6.9203;30
2.08;6.9203;30
2.09;6.9203;30
2.1;6.9203;30
2.11;6.9167;30
2.12;6.9167;30
2.13;6.9167;30
2.14;6.9167;30
2.15;6.9167;30
2.16;6.9167;30
2.17;6.9167;30
2.18;6.9167;30
2.19;6.9167;30
2.2;6.9167;30
2.21;6.9167;30
2.22;6.9167;30
2.23;6.9167;30
2.24;6.9167;30
2.25;6.9167;30
2.26;6.9167;30
2.27;6.9167;30
2.28;6.9167;30
2.29;6.9167;30
2.3;6.9167;30
2.31;6.9167;30
2.32;6.9167;30
2.33;6.9167;30
2.34;6.9167;30
2.35;6.9167;30
2.36;6.9167;30
2.37;6.9167;30
2.38;6.9167;30
2.39;6.9167;30
2.4;6.9167;30
2.41;6.9167;30
2.42;6.9167;30
2.43;6.9167;30
2.44;6.9167;30
2.45;6.9167;30
2.46;6.9167;30
2.47;6.9167;30
2.48;6.9167;30
2.49;6.9167;30
2.5;6.9167;30
2.51;6.9167;30
2.52;6.9167;30
2.53;6.9167;30
2.54;6.9167;30
2.55;6.9167;30
2.56;6.9167;30
2.57;6.9167;30
2.58;6.9167;30
2.59;6.9167;30
2.6;6.88248;30
2.61;6.88248;30
2.62;6.88248;30
2.63;6.88248;30
2.64;6.88248;30
2.65;6.88248;30
2.66;6.88248;30
2.67;6.88248;30
2.68;6.88248;30
2.69;6.88248;30
2.7;6.88248;30
2.71;6.88248;30
2.72;6.88248;30
2.73;6.88248;30
2.74;6.88248;30
2.75;6.88248;30
2.76;6.88248;30
2.77;6.88248;30
2.78;6.88248;30
2.79;6.88248;30
2.8;6.88248;30
2.81;6.88248;30
2.82;6.88248;30
2.83;6.88248;30
2.84;6.88248;30
2.85;6.88248;30
2.86;6.89238;50
2.87;6.89238;50
2.88;6.89238;50
2.89;6.90139;50
2.9;6.90139;50
2.91;6.90139;50
2.92;6.90139;50
2.93;6.90139;50
2.94;6.90139;50
2.95;6.90139;50
2.96;6.90139;50
2.97;6.90139;50
2.98;6.90139;50
2.99;6.90139;50
3;6.90139;50
3.01;6.90139;50
3.02;6.90139;50
3.03;6.90139;50
3.04;6.90139;50
3.05;6.90139;50
3.06;6.90139;50
3.07;6.90139;50
3.08;6.90139;50
3.09;6.90139;50
3.1;6.90139;50
3.11;6.90139;50
3.12;6.90139;50
3.13;6.90139;50
3.14;6.90139;50
3.15;6.90139;50
3.16;6.90139;50
3.17;6.90139;50
3.18;6.90139;50
3.19;6.90139;50
3.2;6.90139;50
3.21;6.90139;50
3.22;6.90139;50
3.23;6.90139;50
3.24;6.90139;50
3.25;6.90139;50
3.26;6.90139;50
3.27;6.90139;50
3.28;6.90139;50
3.29;6.90139;50
3.3;6.90139;50
3.31;6.90139;50
3.32;6.90139;50
3.33;6.90139;50
3.34;6.88338;50
3.35;6.88338;50
3.36;6.88338;50
3.37;6.88338;50
3.38;6.88338;50
3.39;6.88338;50
3.4;6.88338;50
3.41;6.88338;50
3.42;6.88338;50
3.43;6.88338;50
3.44;6.88338;50
3.45;6.88338;50
3.46;6.88338;50
3.47;6.88338;50
3.48;6.88338;50
3.49;6.88338;50
3.5;6.88338;50
3.51;6.88338;50
3.52;6.88338;50
3.53;6.88338;50
3.54;6.88338;50
3.55;6.88338;50
3.56;6.88338;50
3.57;6.88338;50
3.58;6.88338;50
3.59;6.88338;50
3.6;6.88338;50
3.61;6.88338;50
3.62;6.88338;50
3.63;6.88338;50
3.64;6.88338;50
3.65;6.87527;50
3.66;6.87527;50
3.67;6.87527;50
3.68;6.87527;50
3.69;6.87527;50
3.7;6.87527;50
3.71;6.87527;50
3.72;6.87527;50
3.73;6.87527;50
3.74;6.87527;50
3.75;6.87527;50
3.76;6.87527;50
3.77;6.87527;50
3.78;6.87527;50
3.79;6.87527;50
3.8;6.87527;50
3.81;6.87527;50
3.82;6.87527;50
3.83;6.87527;50
3.84;6.87527;50
3.85;6.87527;50
3.86;6.87527;50
3.87;6.87527;50
3.88;6.87527;50
3.89;6.87527;50
3.9;6.84465;50
3.91;6.84465;50
3.92;6.84465;50
3.93;6.84465;50
3.94;6.84465;50
3.95;6.84465;50
3.96;6.84465;50
3.97;6.84465;50
3.98;6.84465;50
3.99;6.84465;50
4;6.84465;50
4.01;6.84465;50
4.02;6.84465;50
4.03;6.84465;50
4.04;6.84465;50
4.05;6.84465;50
4.06;6.84465;50
4.07;6.84465;50
4.08;6.84465;50
4.09;6.84465;50
4.1;6.84465;50
4.11;6.84465;50
4.12;6.84465;50
4.13;6.84465;50
4.14;6.84465;50
4.15;6.84465;50
4.16;6.84465;50
4.17;6.84465;50
4.18;6.84465;50
4.19;6.84465;50
4.2;6.84465;50
4.21;6.84465;50
4.22;6.84465;50
4.23;6.84465;50
4.24;6.84465;50
4.25;6.84465;50
4.26;6.84465;50
4.27;6.84465;50
4.28;6.84465;50
4.29;6.84465;50
4.3;6.84465;50
4.31;6.84465;50
4.32;6.84465;50
4.33;6.84465;50
4.34;6.84465;50
4.35;6.84465;50
4.36;6.84465;50
4.37;6.84465;50
4.38;6.84465;50
4.39;6.87977;50
4.4;6.87977;50
4.41;6.87977;50
4.42;6.87977;50
4.43;6.87977;50
4.44;6.87977;50
4.45;6.87977;50
4.46;6.87977;50
4.47;6.87977;50
4.48;6.87977;50
4.49;6.87977;50
4.5;6.87977;50
4.51;6.87977;50
4.52;6.87977;50
4.53;6.87977;50
4.54;6.87977;50
4.55;6.87977;50
4.56;6.87977;50
4.57;6.87977;50
4.58;6.87977;50
4.59;6.87977;50
4.6;6.87977;50
4.61;6.87977;50
4.62;6.87977;50
4.63;6.87977;50
4.64;7.00586;50
4.65;7.00586;50
4.66;7.00586;50
4.67;7.00586;50
4.68;7.00586;50
4.69;7.00586;50
4.7;7.00586;50
4.71;7.00586;50
4.72;7.00586;50
4.73;7.00586;50
4.74;7.00586;50
4.75;7.00586;50
4.76;7.00586;50
4.77;7.00586;50
4.78;7.00586;50
4.79;7.00586;50
4.8;7.00586;50
4.81;7.00586;50
4.82;7.00586;50
4.83;7.00586;50
4.84;7.00586;50
4.85;7.00586;50
4.86;7.00586;50
4.87;7.00586;50
4.88;7.31387;50
4.89;7.31387;50
4.9;7.31387;50
4.91;7.31387;50
4.92;7.31387;50
4.93;7.31387;50
4.94;7.31387;50
4.95;7.31387;50
4.96;7.31387;50
4.97;7.31387;50
4.98;7.31387;50
4.99;7.31387;50
5;7.31387;50
5.01;7.31387;50
5.02;7.31387;50
5.03;7.31387;50
5.04;7.31387;50
5.05;7.31387;50
5.06;7.31387;50
5.07;7.31387;50
5.08;7.31387;50
5.09;7.31387;50
5.1;7.31387;50
5.11;7.31387;50
5.12;7.31387;50
5.13;7.76777;50
5.14;7.76777;50
5.15;7.76777;50
5.16;7.76777;50
5.17;7.76777;50
5.18;7.76777;50
5.19;7.76777;50
5.2;7.76777;50
5.21;7.76777;50
5.22;7.76777;50
5.23;7.76777;50
5.24;7.76777;50
5.25;7.76777;50
5.26;7.76777;50
5.27;7.76777;50
5.28;7.76777;50
5.29;7.76777;50
5.3;7.76777;50
5.31;7.76777;50
5.32;7.76777;50
5.33;7.76777;50
5.34;7.76777;50
5.35;7.76777;50
5.36;7.76777;50
5.37;7.76777;50
5.38;8.32345;50
5.39;8.32345;50
5.4;8.32345;50
5.41;8.32345;50
5.42;8.32345;50
5.43;8.32345;50
5.44;8.32345;50
5.45;8.32345;50
5.46;8.32345;50
5.47;8.32345;50
5.48;8.32345;50
5.49;8.32345;50
5.5;8.32345;50
5.51;8.32345;50
5.52;8.32345;50
5.53;8.32345;50
5.54;8.32345;50
5.55;8.32345;50
5.56;8.32345;50
5.57;8.32345;50
5.58;8.32345;50
5.59;8.32345;50
5.6;8.32345;50
5.61;8.32345;50
5.62;8.93856;50
5.63;8.93856;50
5.64;8.93856;50
5.65;8.93856;50
5.66;8.93856;50
5.67;8.93856;50
5.68;8.93856;50
5.69;8.93856;50
5.7;8.93856;50
5.71;8.93856;50
5.72;8.93856;50
5.73;8.93856;50
5.74;8.93856;50
5.75;8.93856;50
5.76;8.93856;50
5.77;8.93856;50
5.78;8.93856;50
5.79;8.93856;50
5.8;8.93856;50
5.81;8.93856;50
5.82;8.93856;50
5.83;8.93856;50
5.84;8.93856;50
5.85;8.93856;50
5.86;8.93856;50
5.87;8.93856;50
5.88;9.39337;50
5.89;9.39337;50
5.9;9.39337;50
5.91;9.39337;50
5.92;9.39337;50
5.93;9.39337;50
5.94;9.39337;50
5.95;9.39337;50
5.96;9.39337;50
5.97;9.39337;50
5.98;9.39337;50
5.99;9.39337;50
6;9.39337;50
6.01;9.39337;50
6.02;9.39337;50
6.03;9.39337;50
6.04;9.39337;50
6.05;9.39337;50
6.06;9.39337;50
6.07;9.39337;50
6.08;9.39337;50
6.09;9.39337;50
6.1;9.39337;50
6.11;9.39337;50
6.12;9.67346;50
6.13;9.67346;50
6.14;9.67346;50
6.15;9.67346;50
6.16;9.67346;50
6.17;9.67346;50
6.18;9.67346;50
6.19;9.67346;50
6.2;9.67346;50
6.21;9.67346;50
6.22;9.67346;50
6.23;9.67346;50
6.24;9.67346;50
6.25;9.67346;50
6.26;9.67346;50
6.27;9.67346;50
6.28;9.67346;50
6.29;9.67346;50
6.3;9.67346;50
6.31;9.67346;50
6.32;9.67346;50
6.33;9.67346;50
6.34;9.67346;50
6.35;9.67346;50
6.36;9.67346;50
6.37;9.85448;50
6.38;9.85448;50
6.39;9.85448;50
6.4;9.85448;50
6.41;9.85448;50
6.42;9.85448;50
6.43;9.85448;50
6.44;9.85448;50
6.45;9.85448;50
6.46;9.85448;50
6.47;9.85448;50
6.48;9.85448;50
6.49;9.85448;50
6.5;9.85448;50
6.51;9.85448;50
6.52;9.85448;50
6.53;9.85448;50
6.54;9.85448;50
6.55;9.85448;50
6.56;9.85448;50
6.57;9.85448;50
6.58;9.85448;50
6.59;9.85448;50
6.6;9.85448;50
6.61;9.85448;50
6.62;9.98237;50
6.63;9.98237;50
6.64;9.98237;50
6.65;9.98237;50
6.66;9.98237;50
6.67;9.98237;50
6.68;9.98237;50
6.69;9.98237;50
6.7;9.98237;50
6.71;9.98237;50
6.72;9.98237;50
6.73;9.98237;50
6.74;9.98237;50
6.75;9.98237;50
6.76;9.98237;50
6.77;9.98237;50
6.78;9.98237;50
6.79;9.98237;50
6.8;9.98237;50
6.81;9.98237;50
6.82;9.98237;50
6.83;9.98237;50
6.84;9.98237;50
6.85;9.98237;50
6.86;10.0679;50
6.87;10.0679;50
6.88;10.0679;50
6.89;10.0679;50
6.9;10.0679;50
6.91;10.0679;50
6.92;10.0679;50
6.93;10.0679;50
6.94;10.0679;50
6.95;10.0679;50
6.96;10.0679;50
6.97;10.0679;50
6.98;10.0679;50
6.99;10.0679;50
7;10.0679;50
7.01;10.0679;50
7.02;10.0679;50
7.03;10.0679;50
7.04;10.0679;50
7.05;10.0679;50
7.06;10.0679;50
7.07;10.0679;50
7.08;10.0679;50
7.09;10.0679;50
7.1;10.0679;50
7.11;10.1409;50
7.12;10.1409;50
7.13;10.1409;50
7.14;10.1409;50
7.15;10.1409;50
7.16;10.1409;50
7.17;10.1409;50
7.18;10.1409;50
7.19;10.1409;50
7.2;10.1409;50
7.21;10.1409;50
7.22;10.1409;50
7.23;10.1409;50
7.24;10.1409;50
7.25;10.1409;50
7.26;10.1409;50
7.27;10.1409;50
7.28;10.1409;50
7.29;10.1409;50
7.3;10.1409;50
7.31;10.1409;50
7.32;10.1409;50
7.33;10.1409;50
7.34;10.1409;50
7.35;10.1409;50
7.36;10.1688;50
7.37;10.1688;50
7.38;10.1688;50
7.39;10.1688;50
7.4;10.1688;50
7.41;10.1688;50
7.42;10.1688;50
7.43;10.1688;50
7.44;10.1688;50
7.45;10.1688;50
7.46;10.1688;50
7.47;10.1688;50
7.48;10.1688;50
7.49;10.1688;50
7.5;10.1688;50
7.51;10.1688;50
7.52;10.1688;50
7.53;10.1688;50
7.54;10.1688;50
7.55;10.1688;50
7.56;10.1688;50
7.57;10.1688;50
7.58;10.1688;50
7.59;10.1688;50
7.6;10.1967;50
7.61;10.1967;50
7.62;10.1967;50
7.63;10.1967;50
7.64;10.1967;50
7.65;10.1967;50
7.66;10.1967;50
7.67;10.1967;50
7.68;10.1967;50
7.69;10.1967;50
7.7;10.1967;50
7.71;10.1967;50
7.72;10.1967;50
7.73;10.1967;50
7.74;10.1967;50
7.75;10.1967;50
7.76;10.1967;50
7.77;10.1967;50
7.78;10.1967;50
7.79;10.1967;50
7.8;10.1967;50
7.81;10.1967;50
7.82;10.1967;50
7.83;10.1967;50
7.84;10.1967;50
7.85;10.2066;50
7.86;10.2066;50
7.87;10.2066;50
7.88;10.2066;50
7.89;10.2066;50
7.9;10.2066;50
7.91;10.2066;50
7.92;10.2066;50
7.93;10.2066;50
7.94;10.2066;50
7.95;10.2066;50
7.96;10.2066;50
7.97;10.2066;50
7.98;10.2066;50
7.99;10.2066;50
8;10.2066;50
8.01;10.2066;50
8.02;10.2066;50
8.03;10.2066;50
8.04;10.2066;50
8.05;10.2066;50
8.06;10.2066;50
8.07;10.2066;50
8.08;10.2066;50
8.09;10.2066;50
8.1;10.2066;50
8.11;10.2066;50
8.12;10.2066;50
8.13;10.2066;50
8.14;10.2066;50
8.15;10.2066;50
8.16;10.2066;50
8.17;10.2066;50
8.18;10.2066;50
8.19;10.2066;50
8.2;10.2066;50
8.21;10.2066;50
8.22;10.2066;50
8.23;10.2066;50
8.24;10.2066;50
8.25;10.2066;50
8.26;10.2066;50
8.27;10.2066;50
8.28;10.2066;50
8.29;10.2066;50
8.3;10.2066;50
8.31;10.2066;50
8.32;10.2066;50
8.33;10.2066;50
8.34;10.2066;50
8.35;10.1715;50
8.36;10.1715;50
8.37;10.1715;50
8.38;10.1715;50
8.39;10.1715;50
8.4;10.1715;50
8.41;10.1715;50
8.42;10.1715;50
8.43;10.1715;50
8.44;10.1715;50
8.45;10.1715;50
8.46;10.1715;50
8.47;10.1715;50
8.48;10.1715;50
8.49;10.1715;50
8.5;10.1715;50
8.51;10.1715;50
8.52;10.1715;50
8.53;10.1715;50
8.54;10.1715;50
8.55;10.1715;50
8.56;10.1715;50
8.57;10.1715;50
8.58;10.1715;50
8.59;10.1598;50
8.6;10.1598;50
8.61;10.1598;50
8.62;10.1598;50
8.63;10.1598;50
8.64;10.1598;50
8.65;10.1598;50
8.66;10.1598;50
8.67;10.1598;50
8.68;10.1598;50
8.69;10.1598;50
8.7;10.1598;50
8.71;10.1598;50
8.72;10.1598;50
8.73;10.1598;50
8.74;10.1598;50
8.75;10.1598;50
8.76;10.1598;50
8.77;10.1598;50
8.78;10.1598;50
8.79;10.1598;50
8.8;10.1598;50
8.81;10.1598;50
8.82;10.1598;50
8.83;10.1598;50
8.84;10.1877;50
8.85;10.1877;50
8.86;10.1877;50
8.87;10.1877;50
8.88;10.1877;50
8.89;10.1877;50
8.9;10.1877;50
8.91;10.1877;50
8.92;10.1877;50
8.93;10.1877;50
8.94;10.1877;50
8.95;10.1877;50
8.96;10.1877;50
8.97;10.1877;50
8.98;10.1877;50
8.99;10.1877;50
9;10.1877;50
9.01;10.1877;50
9.02;10.1877;50
9.03;10.1877;50
9.04;10.1877;50
9.05;10.1877;50
9.06;10.1877;50
9.07;10.1877;50
9.08;10.1877;50
9.09;10.1958;50
9.1;10.1958;50
9.11;10.1958;50
9.12;10.1958;50
9.13;10.1958;50
9.14;10.1958;50
9.15;10.1958;50
9.16;10.1958;50
9.17;10.1958;50
9.18;10.1958;50
9.19;10.1958;50
9.2;10.1958;50
9.21;10.1958;50
9.22;10.1958;50
9.23;10.1958;50
9.24;10.1958;50
9.25;10.1958;50
9.26;10.1958;50
9.27;10.1958;50
9.28;10.1958;50
9.29;10.1958;50
9.3;10.1958;50
9.31;10.1958;50
9.32;10.1958;50
9.33;10.1958;50
9.34;10.2255;50
9.35;10.2255;50
9.36;10.2255;50
9.37;10.2255;50
9.38;10.2255;50
9.39;10.2255;50
9.4;10.2255;50
9.41;10.2255;50
9.42;10.2255;50
9.43;10.2255;50
9.44;10.2255;50
9.45;10.2255;50
9.46;10.2255;50
9.47;10.2255;50
9.48;10.2255;50
9.49;10.2255;50
9.5;10.2255;50
9.51;10.2255;50
9.52;10.2255;50
9.53;10.2255;50
9.54;10.2255;50
9.55;10.2255;50
9.56;10.2255;50
9.57;10.2255;50
9.58;10.2255;50
9.59;10.2255;50
9.6;10.2255;50
9.61;10.2255;50
9.62;10.2255;50
9.63;10.2255;50
9.64;10.2255;50
9.65;10.2255;50
9.66;10.2255;50
9.67;10.2255;50
9.68;10.2255;50
9.69;10.2255;50
9.7;10.2255;50
9.71;10.2255;50
9.72;10.2255;50
9.73;10.2255;50
9.74;10.2255;50
9.75;10.2255;50
9.76;10.2255;50
9.77;10.2255;50
9.78;10.2255;50
9.79;10.2255;50
9.8;10.2255;50
9.81;10.2255;50
9.82;10.2255;50
9.83;10.2075;50
9.84;10.2075;50
9.85;10.2075;50
9.86;10.2075;50
9.87;10.2075;50
9.88;10.2075;50
9.89;10.2075;50
9.9;10.2075;50
9.91;10.2075;50
9.92;10.2075;50
9.93;10.2075;50
9.94;10.2075;50
9.95;10.2075;50
9.96;10.2075;50
9.97;10.2075;50
9.98;10.2075;50
9.99;10.2075;50
10;10.2075;50
10.01;10.2075;50
10.02;10.2075;50
10.03;10.2075;50
10.04;10.2075;50
10.05;10.2075;50
10.06;10.2075;50
10.07;10.1832;50
10.08;10.1832;50
10.09;10.1832;50
10.1;10.1832;50
10.11;10.1832;50
10.12;10.1832;50
10.13;10.1832;50
10.14;10.1832;50
10.15;10.1832;50
10.16;10.1832;50
10.17;10.1832;50
10.18;10.1832;50
10.19;10.1832;50
10.2;10.1832;50
10.21;10.1832;50
10.22;10.1832;50
10.23;10.1832;50
10.24;10.1832;50
10.25;10.1832;50
10.26;10.1832;50
10.27;10.1832;50
10.28;10.1832;50
10.29;10.1832;50
10.3;10.1832;50
10.31;10.1832;50
10.32;10.1832;50
10.33;10.2075;50
10.34;10.2075;50
10.35;10.2075;50
10.36;10.2075;50
10.37;10.2075;50
10.38;10.2075;50
10.39;10.2075;50
10.4;10.2075;50
10.41;10.2075;50
10.42;10.2075;50
10.43;10.2075;50
10.44;10.2075;50
10.45;10.2075;50
10.46;10.2075;50
10.47;10.2075;50
10.48;10.2075;50
10.49;10.2075;50
10.5;10.2075;50
10.51;10.2075;50
10.52;10.2075;50
10.53;10.2075;50
10.54;10.2075;50
10.55;10.2075;50
10.56;10.2075;50
10.57;10.2075;50
10.58;10.2444;50
10.59;10.2444;50
10.6;10.2444;50
10.61;10.2444;50
10.62;10.2444;50
10.63;10.2444;50
10.64;10.2444;50
10.65;10.2444;50
10.66;10.2444;50
10.67;10.2444;50
10.68;10.2444;50
10.69;10.2444;50
10.7;10.2444;50
10.71;10.2444;50
10.72;10.2444;50
10.73;10.2444;50
10.74;10.2444;50
10.75;10.2444;50
10.76;10.2444;50
10.77;10.2444;50
10.78;10.2444;50
10.79;10.2444;50
10.8;10.2444;50
10.81;10.2444;50
10.82;10.2309;50
10.83;10.2309;50
10.84;10.2309;50
10.85;10.2309;50
10.86;10.2309;50
10.87;10.2309;50
10.88;10.2309;50
10.89;10.2309;50
10.9;10.2309;50
10.91;10.2309;50
10.92;10.2309;50
10.93;10.2309;50
10.94;10.2309;50
10.95;10.2309;50
10.96;10.2309;50
10.97;10.2309;50
10.98;10.2309;50
10.99;10.2309;50
11;10.2309;50
11.01;10.2309;50
11.02;10.2309;50
11.03;10.2309;50
11.04;10.2309;50
11.05;10.2309;50
11.06;10.1787;50
11.07;10.1787;50
11.08;10.1787;50
11.09;10.1787;50
11.1;10.1787;50
11.11;10.1787;50
11.12;10.1787;50
11.13;10.1787;50
11.14;10.1787;50
11.15;10.1787;50
11.16;10.1787;50
11.17;10.1787;50
11.18;10.1787;50
11.19;10.1787;50
11.2;10.1787;50
11.21;10.1787;50
11.22;10.1787;50
11.23;10.1787;50
11.24;10.1787;50
11.25;10.1787;50
11.26;10.1787;50
11.27;10.1787;50
11.28;10.1787;50
11.29;10.1787;50
11.3;10.1787;50
11.31;10.1877;50
11.32;10.1877;50
11.33;10.1877;50
11.34;10.1877;50
11.35;10.1877;50
11.36;10.1877;50
11.37;10.1877;50
11.38;10.1877;50
11.39;10.1877;50
11.4;10.1877;50
11.41;10.1877;50
11.42;10.1877;50
11.43;10.1877;50
11.44;10.1877;50
11.45;10.1877;50
11.46;10.1877;50
11.47;10.1877;50
11.48;10.1877;50
11.49;10.1877;50
11.5;10.1877;50
11.51;10.1877;50
11.52;10.1877;50
11.53;10.1877;50
11.54;10.1877;50
11.55;10.1877;50
11.56;10.2012;50
11.57;10.2012;50
11.58;10.2012;50
11.59;10.2012;50
11.6;10.2012;50
11.61;10.2012;50
11.62;10.2012;50
11.63;10.2012;50
11.64;10.2012;50
11.65;10.2012;50
11.66;10.2012;50
11.67;10.2012;50
11.68;10.2012;50
11.69;10.2012;50
11.7;10.2012;50
11.71;10.2012;50
11.72;10.2012;50
11.73;10.2012;50
11.74;10.2012;50
11.75;10.2012;50
11.76;10.2012;50
11.77;10.2012;50
11.78;10.2012;50
11.79;10.2012;50
11.8;10.2012;50
11.81;10.2075;50
11.82;10.2075;50
11.83;10.2075;50
11.84;10.2075;50
11.85;10.2075;50
11.86;10.2075;50
11.87;10.2075;50
11.88;10.2075;50
11.89;10.2075;50
11.9;10.2075;50
11.91;10.2075;50
11.92;10.2075;50
11.93;10.2075;50
11.94;10.2075;50
11.95;10.2075;50
11.96;10.2075;50
11.97;10.2075;50
11.98;10.2075;50
11.99;10.2075;50
12;10.2075;50
12.01;10.2075;50
12.02;10.2075;50
12.03;10.2075;50
12.04;10.2075;50
12.05;10.2075;50
12.06;10.2273;50
12.07;10.2273;50
12.08;10.2273;50
12.09;10.2273;50
12.1;10.2273;50
12.11;10.2273;50
12.12;10.2273;50
12.13;10.2273;50
12.14;10.2273;50
12.15;10.2273;50
12.16;10.2273;50
12.17;10.2273;50
12.18;10.2273;50
12.19;10.2273;50
12.2;10.2273;50
12.21;10.2273;50
12.22;10.2273;50
12.23;10.2273;50
12.24;10.2273;50
12.25;10.2273;50
12.26;10.2273;50
12.27;10.2273;50
12.28;10.2273;50
12.29;10.2273;50
12.3;10.2273;50
12.31;10.2444;50
12.32;10.2444;50
12.33;10.2444;50
12.34;10.2444;50
12.35;10.2444;50
12.36;10.2444;50
12.37;10.2444;50
12.38;10.2444;50
12.39;10.2444;50
12.4;10.2444;50
12.41;10.2444;50
12.42;10.2444;50
12.43;10.2444;50
12.44;10.2444;50
12.45;10.2444;50
12.46;10.2444;50
12.47;10.2444;50
12.48;10.2444;50
12.49;10.2444;50
12.5;10.2444;50
12.51;10.2444;50
12.52;10.2444;50
12.53;10.2444;50
12.54;10.2444;50
12.55;10.2426;50
12.56;10.2426;50
12.57;10.2426;50
12.58;10.2426;50
12.59;10.2426;50
12.6;10.2426;50
12.61;10.2426;50
12.62;10.2426;50
12.63;10.2426;50
12.64;10.2426;50
12.65;10.2426;50
12.66;10.2426;50
12.67;10.2426;50
12.68;10.2426;50
12.69;10.2426;50
12.7;10.2426;50
12.71;10.2426;50
12.72;10.2426;50
12.73;10.2426;50
12.74;10.2426;50
12.75;10.2426;50
12.76;10.2426;50
12.77;10.2426;50
12.78;10.2426;50
12.79;10.2219;50
12.8;10.2219;50
12.81;10.2219;50
12.82;10.2219;50
12.83;10.2219;50
12.84;10.2219;50
12.85;10.2219;50
12.86;10.2219;50
12.87;10.2219;50
12.88;10.2219;50
12.89;10.2219;50
12.9;10.2219;50
12.91;10.2219;50
12.92;10.2219;50
12.93;10.2219;50
12.94;10.2219;50
12.95;10.2219;50
12.96;10.2219;50
12.97;10.2219;50
12.98;10.2219;50
12.99;10.2219;50
13;10.2219;50
13.01;10.2219;50
13.02;10.2219;50
13.03;10.2219;50
13.04;10.2453;50
13.05;10.2453;50
13.06;10.2453;50
13.07;10.2453;50
13.08;10.2453;50
13.09;10.2453;50
13.1;10.2453;50
13.11;10.2453;50
13.12;10.2453;50
13.13;10.2453;50
13.14;10.2453;50
13.15;10.2453;50
13.16;10.2453;50
13.17;10.2453;50
13.18;10.2453;50
13.19;10.2453;50
13.2;10.2453;50
13.21;10.2453;50
13.22;10.2453;50
13.23;10.2453;50
13.24;10.2453;50
13.25;10.2453;50
13.26;10.2453;50
13.27;10.2453;50
13.28;10.2453;50
13.29;10.2228;50
13.3;10.2228;50
13.31;10.2228;50
13.32;10.2228;50
13.33;10.2228;50
13.34;10.2228;50
13.35;10.2228;50
13.36;10.2228;50
13.37;10.2228;50
13.38;10.2228;50
13.39;10.2228;50
13.4;10.2228;50
13.41;10.2228;50
13.42;10.2228;50
13.43;10.2228;50
13.44;10.2228;50
13.45;10.2228;50
13.46;10.2228;50
13.47;10.2228;50
13.48;10.2228;50
13.49;10.2228;50
13.5;10.2228;50
13.51;10.2228;50
13.52;10.2228;50
13.53;10.2228;50
13.54;10.2075;50
13.55;10.2075;50
13.56;10.2075;50
13.57;10.2075;50
13.58;10.2075;50
13.59;10.2075;50
13.6;10.2075;50
13.61;10.2075;50
13.62;10.2075;50
13.63;10.2075;50
13.64;10.2075;50
13.65;10.2075;50
13.66;10.2075;50
13.67;10.2075;50
13.68;10.2075;50
13.69;10.2075;50
13.7;10.2075;50
13.71;10.2075;50
13.72;10.2075;50
13.73;10.2075;50
13.74;10.2075;50
13.75;10.2075;50
13.76;10.2075;50
13.77;10.2075;50
13.78;10.2075;50
13.79;10.2354;50
13.8;10.2354;50
13.81;10.2354;50
13.82;10.2354;50
13.83;10.2354;50
13.84;10.2354;50
13.85;10.2354;50
13.86;10.2354;50
13.87;10.2354;50
13.88;10.2354;50
13.89;10.2354;50
13.9;10.2354;50
13.91;10.2354;50
13.92;10.2354;50
13.93;10.2354;50
13.94;10.2354;50
13.95;10.2354;50
13.96;10.2354;50
13.97;10.2354;50
13.98;10.2354;50
13.99;10.2354;50
14;10.2354;50
14.01;10.2354;50
14.02;10.2354;50
14.03;10.2354;50
14.04;10.2354;50
14.05;10.2354;50
14.06;10.2354;50
14.07;10.2354;50
14.08;10.2354;50
14.09;10.2354;50
14.1;10.2354;50
14.11;10.2354;50
14.12;10.2354;50
14.13;10.2354;50
14.14;10.2354;50
14.15;10.2354;50
14.16;10.2354;50
14.17;10.2354;50
14.18;10.2354;50
14.19;10.2354;50
14.2;10.2354;50
14.21;10.2354;50
14.22;10.2354;50
14.23;10.2354;50
14.24;10.2354;50
14.25;10.2354;50
14.26;10.2354;50
14.27;10.2354;50
14.28;10.2643;50
14.29;10.2643;50
14.3;10.2643;50
14.31;10.2643;50
14.32;10.2643;50
14.33;10.2643;50
14.34;10.2643;50
14.35;10.2643;50
14.36;10.2643;50
14.37;10.2643;50
14.38;10.2643;50
14.39;10.2643;50
14.4;10.2643;50
14.41;10.2643;50
14.42;10.2643;50
14.43;10.2643;50
14.44;10.2643;50
14.45;10.2643;50
14.46;10.2643;50
14.47;10.2643;50
14.48;10.2643;50
14.49;10.2643;50
14.5;10.2643;50
14.51;10.2643;50
14.52;10.2643;50
14.53;10.2507;50
14.54;10.2507;50
14.55;10.2507;50
14.56;10.2507;50
14.57;10.2507;50
14.58;10.2507;50
14.59;10.2507;50
14.6;10.2507;50
14.61;10.2066;50
14.62;10.2066;50
14.63;10.2066;50
14.64;10.2066;50
14.65;10.2066;50
14.66;10.2066;50
14.67;10.2066;50
14.68;10.2066;50
14.69;10.2066;50
14.7;10.2066;50
14.71;10.2066;50
14.72;10.2066;50
14.73;10.2066;50
14.74;10.2066;50
14.75;10.2066;50
14.76;10.2066;50
14.77;10.2066;50
14.78;10.2066;50
14.79;10.2066;50
14.8;10.2066;50
14.81;10.2066;50
14.82;10.2066;50
14.83;10.2066;50
14.84;10.2066;50
14.85;10.2066;50
14.86;10.2066;50
14.87;10.2066;50
14.88;10.2066;50
14.89;10.2066;50
14.9;10.2066;50
14.91;10.2066;50
14.92;10.2066;50
14.93;10.2066;50
14.94;10.2066;50
14.95;10.2066;50
14.96;10.2066;50
14.97;10.2066;50
14.98;10.2066;50
14.99;10.2066;50
15;10.2066;50
15.01;10.2066;50
15.02;10.2066;50
15.03;10.2066;50
15.04;10.2066;50
15.05;10.2066;50
15.06;10.2066;50
15.07;10.2066;50
15.08;10.2066;50
15.09;10.2066;50
15.1;10.2066;50
15.11;10.2066;50
15.12;10.2066;50
15.13;10.2066;50
15.14;10.2066;50
15.15;10.2066;50
15.16;10.2066;50
15.17;10.2066;50
15.18;10.2066;50
15.19;10.2066;50
15.2;10.2066;50
15.21;10.2066;50
15.22;10.2066;50
15.23;10.2066;50
15.24;10.2264;50
15.25;10.2264;50
15.26;10.2264;50
15.27;10.2264;50
15.28;10.2264;50
15.29;10.2264;50
15.3;10.1769;50
15.31;10.1769;50
15.32;10.1769;50
15.33;10.1769;50
15.34;10.1769;50
15.35;10.1769;50
15.36;10.1769;50
15.37;10.1769;50
15.38;10.1769;50
15.39;10.1769;50
15.4;10.1769;50
15.41;10.1769;50
15.42;10.1769;50
15.43;10.1769;50
15.44;10.1769;50
15.45;10.1769;50
15.46;10.1769;50
15.47;10.1769;50
15.48;10.1769;50
15.49;10.1769;50
15.5;10.1769;50
15.51;10.1769;50
15.52;10.1769;50
15.53;10.1769;50
15.54;10.1769;50
15.55;10.1769;50
15.56;10.1769;50
15.57;10.1769;50
15.58;10.1769;50
15.59;10.1769;50
15.6;10.1769;50
15.61;10.1769;50
15.62;10.1769;50
15.63;10.1769;50
15.64;10.1769;50
15.65;10.1769;50
15.66;10.1769;50
15.67;10.1769;50
15.68;10.1769;50
15.69;10.1598;50
15.7;10.1598;50
15.71;10.1598;50
15.72;10.1598;50
15.73;10.1598;50
15.74;10.1598;50
15.75;10.1598;50
15.76;10.1598;50
15.77;10.1598;50
15.78;10.1598;50
15.79;10.1598;50
15.8;10.1598;50
15.81;10.1598;50
15.82;10.1598;50
15.83;10.1598;50
15.84;10.1598;50
15.85;10.1598;50
15.86;10.1598;50
15.87;10.1598;50
15.88;10.1598;50
15.89;10.1598;50
15.9;10.1598;50
15.91;10.1598;50
15.92;10.1598;50
15.93;10.1598;50
15.94;10.1598;50
15.95;10.1598;50
15.96;10.1598;50
15.97;10.1598;50
15.98;10.1598;50
15.99;10.1688;50
16;10.1688;50
16.01;10.1688;50
16.02;10.1688;50
16.03;10.1688;50
16.04;10.1688;50
16.05;10.1688;50
16.06;10.1688;50
16.07;10.1688;50
16.08;10.1688;50
16.09;10.1688;50
16.1;10.1688;50
16.11;10.1688;50
16.12;10.1688;50
16.13;10.1688;50
16.14;10.1688;50
16.15;10.1688;50
16.16;10.1688;50
16.17;10.1688;50
16.18;10.1688;50
16.19;10.1688;50
16.2;10.1688;50
16.21;10.1688;50
16.22;10.1688;50
16.23;10.1688;50
16.24;10.1688;50
16.25;10.1688;50
16.26;10.1688;50
16.27;10.1688;50
16.28;10.1688;50
16.29;10.1688;50
16.3;10.1688;50
16.31;10.1688;50
16.32;10.1688;50
16.33;10.1688;50
16.34;10.1688;50
16.35;10.1688;50
16.36;10.1688;50
16.37;10.1688;50
16.38;10.1688;50
16.39;10.1688;50
16.4;10.1688;50
16.41;10.1688;50
16.42;10.1688;50
16.43;10.1688;50
16.44;10.1877;50
16.45;10.1877;50
16.46;10.1877;50
16.47;10.1877;50
16.48;10.1877;50
16.49;10.1877;50
16.5;10.1877;50
16.51;10.1877;50
16.52;10.1877;50
16.53;10.1877;50
16.54;10.1877;50
16.55;10.1877;50
16.56;10.1877;50
16.57;10.1877;50
16.58;10.1877;50
16.59;10.1877;50
16.6;10.1877;50
16.61;10.1877;50
16.62;10.1877;50
16.63;10.1877;50
16.64;10.1877;50
16.65;10.1877;50
16.66;10.1877;50
16.67;10.1877;50
16.68;10.1877;50
16.69;10.1877;50
16.7;10.1877;50
16.71;10.1877;50
16.72;10.1877;50
16.73;10.1877;50
16.74;10.1877;50
16.75;10.1688;50
16.76;10.1688;50
16.77;10.1688;50
16.78;10.1688;50
16.79;10.1688;50
16.8;10.1688;50
16.81;10.1688;50
16.82;10.1688;50
16.83;10.1688;50
16.84;10.1688;50
16.85;10.1688;50
16.86;10.1688;50
16.87;10.1688;50
16.88;10.1688;50
16.89;10.1688;50
16.9;10.1688;50
16.91;10.1688;50
16.92;10.1688;50
16.93;10.1688;50
16.94;10.1688;50
16.95;10.1688;50
16.96;10.1688;50
16.97;10.1688;50
16.98;10.1688;50
16.99;10.1688;50
17;10.2066;50
17.01;10.2066;50
17.02;10.2066;50
17.03;10.2066;50
17.04;10.2066;50
17.05;10.2066;50
17.06;10.2066;50
17.07;10.2066;50
17.08;10.2066;50
17.09;10.2066;50
17.1;10.2066;50
17.11;10.2066;50
17.12;10.2066;50
17.13;10.2066;50
17.14;10.2066;50
17.15;10.2066;50
17.16;10.2066;50
17.17;10.2066;50
17.18;10.2066;50
17.19;10.2066;50
17.2;10.2066;50
17.21;10.2066;50
17.22;10.2066;50
17.23;10.2066;50
17.24;10.2066;50
17.25;10.2066;50
17.26;10.2066;50
17.27;10.2066;50
17.28;10.2066;50
17.29;10.2066;50
17.3;10.2066;50
17.31;10.2066;50
17.32;10.2066;50
17.33;10.2066;50
17.34;10.2066;50
17.35;10.2066;50
17.36;10.2066;50
17.37;10.2066;50
17.38;10.2066;50
17.39;10.2066;50
17.4;10.2066;50
17.41;10.2066;50
17.42;10.2066;50
17.43;10.2066;50
17.44;10.2066;50
17.45;10.2066;50
17.46;10.2066;50
17.47;10.2066;50
17.48;10.2066;50
17.49;10.2165;50
17.5;10.2165;50
17.51;10.2165;70
17.52;10.2165;70
17.53;10.2165;70
17.54;10.2165;70
17.55;10.2165;70
17.56;10.2165;70
17.57;10.2165;70
17.58;10.2165;70
17.59;10.2165;70
17.6;10.2165;70
17.61;10.2165;70
17.62;10.2165;70
17.63;10.2165;70
17.64;10.2165;70
17.65;10.2165;70
17.66;10.2165;70
17.67;10.2165;70
17.68;10.2165;70
17.69;10.2165;70
17.7;10.2165;70
17.71;10.2165;70
17.72;10.2165;70
17.73;10.2165;70
17.74;10.2165;70
17.75;10.1949;70
17.76;10.1949;70
17.77;10.1949;70
17.78;10.1949;70
17.79;10.1949;70
17.8;10.1949;70
17.81;10.1949;70
17.82;10.1949;70
17.83;10.1949;70
17.84;10.1949;70
17.85;10.1949;70
17.86;10.1949;70
17.87;10.1949;70
17.88;10.1949;70
17.89;10.1949;70
17.9;10.1949;70
17.91;10.1949;70
17.92;10.1949;70
17.93;10.1949;70
17.94;10.1949;70
17.95;10.1949;70
17.96;10.1949;70
17.97;10.1949;70
17.98;10.1949;70
17.99;10.2372;70
18;10.2372;70
18.01;10.2372;70
18.02;10.2372;70
18.03;10.2372;70
18.04;10.2372;70
18.05;10.2372;70
18.06;10.2372;70
18.07;10.2372;70
18.08;10.2372;70
18.09;10.2372;70
18.1;10.2372;70
18.11;10.2372;70
18.12;10.2372;70
18.13;10.2372;70
18.14;10.2372;70
18.15;10.2372;70
18.16;10.2372;70
18.17;10.2372;70
18.18;10.2372;70
18.19;10.2372;70
18.2;10.2372;70
18.21;10.2372;70
18.22;10.2372;70
18.23;10.2372;70
18.24;10.5371;70
18.25;10.5371;70
18.26;10.5371;70
18.27;10.5371;70
18.28;10.5371;70
18.29;10.5371;70
18.3;10.5371;70
18.31;10.5371;70
18.32;10.5371;70
18.33;10.5371;70
18.34;10.5371;70
18.35;10.5371;70
18.36;10.5371;70
18.37;10.5371;70
18.38;10.5371;70
18.39;10.5371;70
18.4;10.5371;70
18.41;10.5371;70
18.42;10.5371;70
18.43;10.5371;70
18.44;10.5371;70
18.45;10.5371;70
18.46;10.5371;70
18.47;10.5371;70
18.48;10.9424;70
18.49;10.9424;70
18.5;10.9424;70
18.51;10.9424;70
18.52;10.9424;70
18.53;10.9424;70
18.54;10.9424;70
18.55;10.9424;70
18.56;10.9424;70
18.57;10.9424;70
18.58;10.9424;70
18.59;10.9424;70
18.6;10.9424;70
18.61;10.9424;70
18.62;10.9424;70
18.63;10.9424;70
18.64;10.9424;70
18.65;10.9424;70
18.66;10.9424;70
18.67;10.9424;70
18.68;10.9424;70
18.69;10.9424;70
18.7;10.9424;70
18.71;10.9424;70
18.72;10.9424;70
18.73;11.381;70
18.74;11.381;70
18.75;11.381;70
18.76;11.381;70
18.77;11.381;70
18.78;11.381;70
18.79;11.381;70
18.8;11.381;70
18.81;11.381;70
18.82;11.381;70
18.83;11.381;70
18.84;11.381;70
18.85;11.381;70
18.86;11.381;70
18.87;11.381;70
18.88;11.381;70
18.89;11.381;70
18.9;11.381;70
18.91;11.381;70
18.92;11.381;70
18.93;11.381;70
18.94;11.381;70
18.95;11.381;70
18.96;11.381;70
18.97;11.381;70
18.98;11.7899;70
18.99;11.7899;70
19;11.7899;70
19.01;11.7899;70
19.02;11.7899;70
19.03;11.7899;70
19.04;11.7899;70
19.05;11.7899;70
19.06;11.7899;70
19.07;11.7899;70
19.08;11.7899;70
19.09;11.7899;70
19.1;11.7899;70
19.11;11.7899;70
19.12;11.7899;70
19.13;11.7899;70
19.14;11.7899;70
19.15;11.7899;70
19.16;11.7899;70
19.17;11.7899;70
19.18;11.7899;70
19.19;11.7899;70
19.2;11.7899;70
19.21;11.7899;70
19.22;11.7899;70
19.23;12.2249;70
19.24;12.2249;70
19.25;12.2249;70
19.26;12.2249;70
19.27;12.2249;70
19.28;12.2249;70
19.29;12.2249;70
19.3;12.2249;70
19.31;12.2249;70
19.32;12.2249;70
19.33;12.2249;70
19.34;12.2249;70
19.35;12.2249;70
19.36;12.2249;70
19.37;12.2249;70
19.38;12.2249;70
19.39;12.2249;70
19.4;12.2249;70
19.41;12.2249;70
19.42;12.2249;70
19.43;12.2249;70
19.44;12.2249;70
19.45;12.2249;70
19.46;12.2249;70
19.47;12.6157;70
19.48;12.6157;70
19.49;12.6157;70
19.5;12.6157;70
19.51;12.6157;70
19.52;12.6157;70
19.53;12.6157;70
19.54;12.6157;70
19.55;12.6157;70
19.56;12.6157;70
19.57;12.6157;70
19.58;12.6157;70
19.59;12.6157;70
19.6;12.6157;70
19.61;12.6157;70
19.62;12.6157;70
19.63;12.6157;70
19.64;12.6157;70
19.65;12.6157;70
19.66;12.6157;70
19.67;12.6157;70
19.68;12.6157;70
19.69;12.6157;70
19.7;12.6157;70
19.71;12.9661;70
19.72;12.9661;70
19.73;12.9661;70
19.74;12.9661;70
19.75;12.9661;70
19.76;12.9661;70
19.77;12.9661;70
19.78;12.9661;70
19.79;12.9661;70
19.8;12.9661;70
19.81;12.9661;70
19.82;12.9661;70
19.83;12.9661;70
19.84;12.9661;70
19.85;12.9661;70
19.86;12.9661;70
19.87;12.9661;70
19.88;12.9661;70
19.89;12.9661;70
19.9;12.9661;70
19.91;12.9661;70
19.92;12.9661;70
19.93;12.9661;70
19.94;12.9661;70
19.95;12.9661;70
19.96;12.9661;70
19.97;13.2903;70
19.98;13.2903;70
19.99;13.2903;70
20;13.2903;70
20.01;13.2903;70
20.02;13.2903;70
20.03;13.2903;70
20.04;13.2903;70
20.05;13.2903;70
20.06;13.2903;70
20.07;13.2903;70
20.08;13.2903;70
20.09;13.2903;70
20.1;13.2903;70
20.11;13.2903;70
20.12;13.2903;70
20.13;13.2903;70
20.14;13.2903;70
20.15;13.2903;70
20.16;13.2903;70
20.17;13.2903;70
20.18;13.2903;70
20.19;13.2903;70
20.2;13.2903;70
20.21;13.2903;70
20.22;13.5362;70
20.23;13.5362;70
20.24;13.5362;70
20.25;13.5362;70
20.26;13.5362;70
20.27;13.5362;70
20.28;13.5362;70
20.29;13.5362;70
20.3;13.5362;70
20.31;13.5362;70
20.32;13.5362;70
20.33;13.5362;70
20.34;13.5362;70
20.35;13.5362;70
20.36;13.5362;70
20.37;13.5362;70
20.38;13.5362;70
20.39;13.5362;70
20.4;13.5362;70
20.41;13.5362;70
20.42;13.5362;70
20.43;13.5362;70
20.44;13.5362;70
20.45;13.5362;70
20.46;13.7118;70
20.47;13.7118;70
20.48;13.7118;70
20.49;13.7118;70
20.5;13.7118;70
20.51;13.7118;70
20.52;13.7118;70
20.53;13.7118;70
20.54;13.7118;70
20.55;13.7118;70
20.56;13.7118;70
20.57;13.7118;70
20.58;13.7118;70
20.59;13.7118;70
20.6;13.7118;70
20.61;13.7118;70
20.62;13.7118;70
20.63;13.7118;70
20.64;13.7118;70
20.65;13.7118;70
20.66;13.7118;70
20.67;13.7118;70
20.68;13.7118;70
20.69;13.7118;70
20.7;13.7118;70
20.71;13.828;70
20.72;13.828;70
20.73;13.828;70
20.74;13.828;70
20.75;13.828;70
20.76;13.828;70
20.77;13.828;70
20.78;13.828;70
20.79;13.828;70
20.8;13.828;70
20.81;13.828;70
20.82;13.828;70
20.83;13.828;70
20.84;13.828;70
20.85;13.828;70
20.86;13.828;70
20.87;13.828;70
20.88;13.828;70
20.89;13.828;70
20.9;13.828;70
20.91;13.828;70
20.92;13.828;70
20.93;13.828;70
20.94;13.828;70
20.95;13.828;70
20.96;13.8883;70
20.97;13.8883;70
20.98;13.8883;70
20.99;13.8883;70
21;13.8883;70
21.01;13.8883;70
21.02;13.8883;70
21.03;13.8883;70
21.04;13.8883;70
21.05;13.8883;70
21.06;13.8883;70
21.07;13.8883;70
21.08;13.8883;70
21.09;13.8883;70
21.1;13.8883;70
21.11;13.8883;70
21.12;13.8883;70
21.13;13.8883;70
21.14;13.8883;70
21.15;13.8883;70
21.16;13.8883;70
21.17;13.8883;70
21.18;13.8883;70
21.19;13.8883;70
21.2;13.9099;70
21.21;13.9099;70
21.22;13.9099;70
21.23;13.9099;70
21.24;13.9099;70
21.25;13.9099;70
21.26;13.9099;70
21.27;13.9099;70
21.28;13.9099;70
21.29;13.9099;70
21.3;13.9099;70
21.31;13.9099;70
21.32;13.9099;70
21.33;13.9099;70
21.34;13.9099;70
21.35;13.9099;70
21.36;13.9099;70
21.37;13.9099;70
21.38;13.9099;70
21.39;13.9099;70
21.4;13.9099;70
21.41;13.9099;70
21.42;13.9099;70
21.43;13.9099;70
21.44;13.9099;70
21.45;13.9297;70
21.46;13.9297;70
21.47;13.9297;70
21.48;13.9297;70
21.49;13.9297;70
21.5;13.9297;70
21.51;13.9297;70
21.52;13.9297;70
21.53;13.9297;70
21.54;13.9297;70
21.55;13.9297;70
21.56;13.9297;70
21.57;13.9297;70
21.58;13.9297;70
21.59;13.9297;70
21.6;13.9297;70
21.61;13.9297;70
21.62;13.9297;70
21.63;13.9297;70
21.64;13.9297;70
21.65;13.9297;70
21.66;13.9297;70
21.67;13.9297;70
21.68;13.9297;70
21.69;13.9297;70
21.7;13.9297;70
21.71;13.9297;70
21.72;13.9297;70
21.73;13.9297;70
21.74;13.9297;70
21.75;13.9297;70
21.76;13.9297;70
21.77;13.9297;70
21.78;13.9297;70
21.79;13.9297;70
21.8;13.9297;70
21.81;13.9297;70
21.82;13.9297;70
21.83;13.9297;70
21.84;13.9297;70
21.85;13.9297;70
21.86;13.9297;70
21.87;13.9297;70
21.88;13.9297;70
21.89;13.9297;70
21.9;13.9297;70
21.91;13.9297;70
21.92;13.9297;70
21.93;13.9297;70
21.94;13.9297;70
21.95;13.9198;70
21.96;13.9198;70
21.97;13.9198;70
21.98;13.9198;70
21.99;13.9198;70
22;13.9198;70
22.01;13.9198;70
22.02;13.9198;70
22.03;13.9198;70
22.04;13.9198;70
22.05;13.9198;70
22.06;13.9198;70
22.07;13.9198;70
22.08;13.9198;70
22.09;13.9198;70
22.1;13.9198;70
22.11;13.9198;70
22.12;13.9198;70
22.13;13.9198;70
22.14;13.9198;70
22.15;13.9198;70
22.16;13.9198;70
22.17;13.9198;70
22.18;13.9198;70
22.19;13.9495;70
22.2;13.9495;70
22.21;13.9495;70
22.22;13.9495;70
22.23;13.9495;70
22.24;13.9495;70
22.25;13.9495;70
22.26;13.9495;70
22.27;13.9495;70
22.28;13.9495;70
22.29;13.9495;70
22.3;13.9495;70
22.31;13.9495;70
22.32;13.9495;70
22.33;13.9495;70
22.34;13.9495;70
22.35;13.9495;70
22.36;13.9495;70
22.37;13.9495;70
22.38;13.9495;70
22.39;13.9495;70
22.4;13.9495;70
22.41;13.9495;70
22.42;13.9495;70
22.43;13.9495;70
22.44;13.9919;70
22.45;13.9919;70
22.46;13.9919;70
22.47;13.9919;70
22.48;13.9919;70
22.49;13.9919;70
22.5;13.9919;70
22.51;13.9919;70
22.52;13.9919;70
22.53;13.9919;70
22.54;13.9919;70
22.55;13.9919;70
22.56;13.9919;70
22.57;13.9919;70
22.58;13.9919;70
22.59;13.9919;70
22.6;13.9919;70
22.61;13.9919;70
22.62;13.9919;70
22.63;13.9919;70
22.64;13.9919;70
22.65;13.9919;70
22.66;13.9919;70
22.67;13.9919;70
22.68;13.9919;70
22.69;13.9865;70
22.7;13.9865;70
22.71;13.9865;70
22.72;13.9865;70
22.73;13.9865;70
22.74;13.9865;70
22.75;13.9865;70
22.76;13.9865;70
22.77;13.9865;70
22.78;13.9865;70
22.79;13.9865;70
22.8;13.9865;70
22.81;13.9865;70
22.82;13.9865;70
22.83;13.9865;70
22.84;13.9865;70
22.85;13.9865;70
22.86;13.9865;70
22.87;13.9865;70
22.88;13.9865;70
22.89;13.9865;70
22.9;13.9865;70
22.91;13.9865;70
22.92;13.9865;70
22.93;13.9874;70
22.94;13.9874;70
22.95;13.9874;70
22.96;13.9874;70
22.97;13.9874;70
22.98;13.9874;70
22.99;13.9874;70
23;13.9874;70
23.01;13.9874;70
23.02;13.9874;70
23.03;13.9874;70
23.04;13.9874;70
23.05;13.9874;70
23.06;13.9874;70
23.07;13.9874;70
23.08;13.9874;70
23.09;13.9874;70
23.1;13.9874;70
23.11;13.9874;70
23.12;13.9874;70
23.13;13.9874;70
23.14;13.9874;70
23.15;13.9874;70
23.16;13.9874;70
23.17;13.9874;70
23.18;13.9775;70
23.19;13.9775;70
23.2;13.9775;70
23.21;13.9775;70
23.22;13.9775;70
23.23;13.9775;70
23.24;13.9775;70
23.25;13.9775;70
23.26;13.9775;70
23.27;13.9775;70
23.28;13.9775;70
23.29;13.9775;70
23.3;13.9775;70
23.31;13.9775;70
23.32;13.9775;70
23.33;13.9775;70
23.34;13.9775;70
23.35;13.9775;70
23.36;13.9775;70
23.37;13.9775;70
23.38;13.9775;70
23.39;13.9775;70
23.4;13.9775;70
23.41;13.9775;70
23.42;13.9775;70
23.43;13.9955;70
23.44;13.9955;70
23.45;13.9955;70
23.46;13.9955;70
23.47;13.9955;70
23.48;13.9955;70
23.49;13.9955;70
23.5;13.9955;70
23.51;13.9955;70
23.52;13.9955;70
23.53;13.9955;70
23.54;13.9955;70
23.55;13.9955;70
23.56;13.9955;70
23.57;13.9955;70
23.58;13.9955;70
23.59;13.9955;70
23.6;13.9955;70
23.61;13.9955;70
23.62;13.9955;70
23.63;13.9955;70
23.64;13.9955;70
23.65;13.9955;70
23.66;13.9955;70
23.67;13.9586;70
23.68;13.9586;70
23.69;13.9586;70
23.7;13.9586;70
23.71;13.9586;70
23.72;13.9586;70
23.73;13.9586;70
23.74;13.9586;70
23.75;13.9586;70
23.76;13.9586;70
23.77;13.9586;70
23.78;13.9586;70
23.79;13.9586;70
23.8;13.9586;70
23.81;13.9586;70
23.82;13.9586;70
23.83;13.9586;70
23.84;13.9586;70
23.85;13.9586;70
23.86;13.9586;70
23.87;13.9586;70
23.88;13.9586;70
23.89;13.9586;70
23.9;13.9586;70
23.91;13.9586;70
23.92;13.9486;70
23.93;13.9486;70
23.94;13.9486;70
23.95;13.9486;70
23.96;13.9486;70
23.97;13.9486;70
23.98;13.9486;70
23.99;13.9486;70
24;13.9486;70
24.01;13.9486;70
24.02;13.9486;70
24.03;13.9486;70
24.04;13.9486;70
24.05;13.9486;70
24.06;13.9486;70
24.07;13.9486;70
24.08;13.9486;70
24.09;13.9486;70
24.1;13.9486;70
24.11;13.9486;70
24.12;13.9486;70
24.13;13.9486;70
24.14;13.9486;70
24.15;13.9486;70
24.16;13.9054;70
24.17;13.9054;70
24.18;13.9054;70
24.19;13.9054;70
24.2;13.9054;70
24.21;13.9054;70
24.22;13.9054;70
24.23;13.9054;70
24.24;13.9054;70
24.25;13.9054;70
24.26;13.9054;70
24.27;13.9054;70
24.28;13.9054;70
24.29;13.9054;70
24.3;13.9054;70
24.31;13.9054;70
24.32;13.9054;70
24.33;13.9054;70
24.34;13.9054;70
24.35;13.9054;70
24.36;13.9054;70
24.37;13.9054;70
24.38;13.9054;70
24.39;13.9054;70
24.4;13.9054;70
24.41;13.8928;70
24.42;13.8928;70
24.43;13.8928;70
24.44;13.8928;70
24.45;13.8928;70
24.46;13.8928;70
24.47;13.8928;70
24.48;13.8928;70
24.49;13.8928;70
24.5;13.8928;70
24.51;13.8928;70
24.52;13.8928;70
24.53;13.8928;70
24.54;13.8928;70
24.55;13.8928;70
24.56;13.8928;70
24.57;13.8928;70
24.58;13.8928;70
24.59;13.8928;70
24.6;13.8928;70
24.61;13.8928;70
24.62;13.8928;70
24.63;13.8928;70
24.64;13.8928;70
24.65;13.8928;70
24.66;13.8928;70
24.67;13.9252;70
24.68;13.9252;70
24.69;13.9252;70
24.7;13.9252;70
24.71;13.9252;70
24.72;13.9252;70
24.73;13.9252;70
24.74;13.9252;70
24.75;13.9252;70
24.76;13.9252;70
24.77;13.9252;70
24.78;13.9252;70
24.79;13.9252;70
24.8;13.9252;70
24.81;13.9252;70
24.82;13.9252;70
24.83;13.9252;70
24.84;13.9252;70
24.85;13.9252;70
24.86;13.9252;70
24.87;13.9252;70
24.88;13.9252;70
24.89;13.9252;70
24.9;13.9252;70
24.91;13.9216;70
24.92;13.9216;70
24.93;13.9216;70
24.94;13.9216;70
24.95;13.9216;70
24.96;13.9216;70
24.97;13.9216;70
24.98;13.9216;70
24.99;13.9216;70
25;13.9216;70
25.01;13.9216;70
25.02;13.9216;70
25.03;13.9216;70
25.04;13.9216;70
25.05;13.9216;70
25.06;13.9216;70
25.07;13.9216;70
25.08;13.9216;70
25.09;13.9216;70
25.1;13.9216;70
25.11;13.9216;70
25.12;13.9216;70
25.13;13.9216;70
25.14;13.9216;70
25.15;13.9216;70
25.16;13.9459;70
25.17;13.9459;70
25.18;13.9459;70
25.19;13.9459;70
25.2;13.9459;70
25.21;13.9459;70
25.22;13.9459;70
25.23;13.9459;70
25.24;13.9459;70
25.25;13.9459;70
25.26;13.9459;70
25.27;13.9459;70
25.28;13.9459;70
25.29;13.9459;70
25.3;13.9459;70
25.31;13.9459;70
25.32;13.9459;70
25.33;13.9459;70
25.34;13.9459;70
25.35;13.9459;70
25.36;13.9459;70
25.37;13.9459;70
25.38;13.9459;70
25.39;13.9459;70
25.4;13.9315;70
25.41;13.9315;70
25.42;13.9315;70
25.43;13.9315;70
25.44;13.9315;70
25.45;13.9315;70
25.46;13.9315;70
25.47;13.9315;70
25.48;13.9315;70
25.49;13.9315;70
25.5;13.9315;70
25.51;13.9315;70
25.52;13.9315;70
25.53;13.9315;70
25.54;13.9315;70
25.55;13.9315;70
25.56;13.9315;70
25.57;13.9315;70
25.58;13.9315;70
25.59;13.9315;70
25.6;13.9315;70
25.61;13.9315;70
25.62;13.9315;70
25.63;13.9315;70
25.64;13.9315;70
25.65;13.9676;70
25.66;13.9676;70
25.67;13.9676;70
25.68;13.9676;70
25.69;13.9676;70
25.7;13.9676;70
25.71;13.9676;70
25.72;13.9676;70
25.73;13.9676;70
25.74;13.9676;70
25.75;13.9676;70
25.76;13.9676;70
25.77;13.9676;70
25.78;13.9676;70
25.79;13.9676;70
25.8;13.9676;70
25.81;13.9676;70
25.82;13.9676;70
25.83;13.9676;70
25.84;13.9676;70
25.85;13.9676;70
25.86;13.9676;70
25.87;13.9676;70
25.88;13.9676;70
25.89;13.9775;70
25.9;13.9775;70
25.91;13.9775;70
25.92;13.9775;70
25.93;13.9775;70
25.94;13.9775;70
25.95;13.9775;70
25.96;13.9775;70
25.97;13.9775;70
25.98;13.9775;70
25.99;13.9775;70
26;13.9775;70
26.01;13.9775;70
26.02;13.9775;70
26.03;13.9775;70
26.04;13.9775;70
26.05;13.9775;70
26.06;13.9775;70
26.07;13.9775;70
26.08;13.9775;70
26.09;13.9775;70
26.1;13.9775;70
26.11;13.9775;70
26.12;13.9775;70
26.13;13.9775;70
26.14;13.9775;70
26.15;13.9685;70
26.16;13.9685;70
26.17;13.9685;70
26.18;13.9685;70
26.19;13.9685;70
26.2;13.9685;70
26.21;13.9685;70
26.22;13.9685;70
26.23;13.9685;70
26.24;13.9685;70
26.25;13.9685;70
26.26;13.9685;70
26.27;13.9685;70
26.28;13.9685;70
26.29;13.9685;70
26.3;13.9685;70
26.31;13.9685;70
26.32;13.9685;70
26.33;13.9685;70
26.34;13.9685;70
26.35;13.9685;70
26.36;13.9685;70
26.37;13.9685;70
26.38;13.9685;70
26.39;13.9685;70
26.4;13.9739;70
26.41;13.9739;70
26.42;13.9739;70
26.43;13.9739;70
26.44;13.9739;70
26.45;13.9739;70
26.46;13.9739;70
26.47;13.9739;70
26.48;13.9739;70
26.49;13.9739;70
26.5;13.9739;70
26.51;13.9739;90
26.52;13.9739;90
26.53;13.9739;90
26.54;13.9739;90
26.55;13.9739;90
26.56;13.9739;90
26.57;13.9739;90
26.58;13.9739;90
26.59;13.9739;90
26.6;13.9739;90
26.61;13.9739;90
26.62;13.9739;90
26.63;13.9739;90
26.64;13.9685;90
26.65;13.9685;90
26.66;13.9685;90
26.67;13.9685;90
26.68;13.9685;90
26.69;13.9685;90
26.7;13.9685;90
26.71;13.9685;90
26.72;13.9685;90
26.73;13.9685;90
26.74;13.9685;90
26.75;13.9685;90
26.76;13.9685;90
26.77;13.9685;90
26.78;13.9685;90
26.79;13.9685;90
26.8;13.9685;90
26.81;13.9685;90
26.82;13.9685;90
26.83;13.9685;90
26.84;13.9685;90
26.85;13.9685;90
26.86;13.9685;90
26.87;13.9685;90
26.88;13.9685;90
26.89;13.9748;90
26.9;13.9748;90
26.91;13.9748;90
26.92;13.9748;90
26.93;13.9748;90
26.94;13.9748;90
26.95;13.9748;90
26.96;13.9748;90
26.97;13.9748;90
26.98;13.9748;90
26.99;13.9748;90
27;13.9748;90
27.01;13.9748;90
27.02;13.9748;90
27.03;13.9748;90
27.04;13.9748;90
27.05;13.9748;90
27.06;13.9748;90
27.07;13.9748;90
27.08;13.9748;90
27.09;13.9748;90
27.1;13.9748;90
27.11;13.9748;90
27.12;13.9748;90
27.13;14.0252;90
27.14;14.0252;90
27.15;14.0252;90
27.16;14.0252;90
27.17;14.0252;90
27.18;14.0252;90
27.19;14.0252;90
27.2;14.0252;90
27.21;14.0252;90
27.22;14.0252;90
27.23;14.0252;90
27.24;14.0252;90
27.25;14.0252;90
27.26;14.0252;90
27.27;14.0252;90
27.28;14.0252;90
27.29;14.0252;90
27.3;14.0252;90
27.31;14.0252;90
27.32;14.0252;90
27.33;14.0252;90
27.34;14.0252;90
27.35;14.0252;90
27.36;14.0252;90
27.37;14.0252;90
27.38;14.1279;90
27.39;14.1279;90
27.4;14.1279;90
27.41;14.1279;90
27.42;14.1279;90
27.43;14.1279;90
27.44;14.1279;90
27.45;14.1279;90
27.46;14.1279;90
27.47;14.1279;90
27.48;14.1279;90
27.49;14.1279;90
27.5;14.1279;90
27.51;14.1279;90
27.52;14.1279;90
27.53;14.1279;90
27.54;14.1279;90
27.55;14.1279;90
27.56;14.1279;90
27.57;14.1279;90
27.58;14.1279;90
27.59;14.1279;90
27.6;14.1279;90
27.61;14.1279;90
27.62;14.1279;90
27.63;14.2395;90
27.64;14.2395;90
27.65;14.2395;90
27.66;14.2395;90
27.67;14.2395;90
27.68;14.2395;90
27.69;14.2395;90
27.7;14.2395;90
27.71;14.2395;90
27.72;14.2395;90
27.73;14.2395;90
27.74;14.2395;90
27.75;14.2395;90
27.76;14.2395;90
27.77;14.2395;90
27.78;14.2395;90
27.79;14.2395;90
27.8;14.2395;90
27.81;14.2395;90
27.82;14.2395;90
27.83;14.2395;90
27.84;14.2395;90
27.85;14.2395;90
27.86;14.2395;90
27.87;14.3314;90
27.88;14.3314;90
27.89;14.3314;90
27.9;14.3314;90
27.91;14.3314;90
27.92;14.3314;90
27.93;14.3314;90
27.94;14.3314;90
27.95;14.3314;90
27.96;14.3314;90
27.97;14.3314;90
27.98;14.3314;90
27.99;14.3314;90
28;14.3314;90
28.01;14.3314;90
28.02;14.3314;90
28.03;14.3314;90
28.04;14.3314;90
28.05;14.3314;90
28.06;14.3314;90
28.07;14.3314;90
28.08;14.3314;90
28.09;14.3314;90
28.1;14.3314;90
28.11;14.3314;90
28.12;14.3314;90
28.13;14.4269;90
28.14;14.4269;90
28.15;14.4269;90
28.16;14.4269;90
28.17;14.4269;90
28.18;14.4269;90
28.19;14.4269;90
28.2;14.4269;90
28.21;14.4269;90
28.22;14.4269;90
28.23;14.4269;90
28.24;14.4269;90
28.25;14.4269;90
28.26;14.4269;90
28.27;14.4269;90
28.28;14.4269;90
28.29;14.4269;90
28.3;14.4269;90
28.31;14.4269;90
28.32;14.4269;90
28.33;14.4269;90
28.34;14.4269;90
28.35;14.4269;90
28.36;14.4269;90
28.37;14.5106;90
28.38;14.5106;90
28.39;14.5106;90
28.4;14.5106;90
28.41;14.5106;90
28.42;14.5106;90
28.43;14.5106;90
28.44;14.5106;90
28.45;14.5106;90
28.46;14.5106;90
28.47;14.5106;90
28.48;14.5106;90
28.49;14.5106;90
28.5;14.5106;90
28.51;14.5106;90
28.52;14.5106;90
28.53;14.5106;90
28.54;14.5106;90
28.55;14.5106;90
28.56;14.5106;90
28.57;14.5106;90
28.58;14.5106;90
28.59;14.5106;90
28.6;14.5106;90
28.61;14.5106;90
28.62;14.5728;90
28.63;14.5728;90
28.64;14.5728;90
28.65;14.5728;90
28.66;14.5728;90
28.67;14.5728;90
28.68;14.5728;90
28.69;14.5728;90
28.7;14.5728;90
28.71;14.5728;90
28.72;14.5728;90
28.73;14.5728;90
28.74;14.5728;90
28.75;14.5728;90
28.76;14.5728;90
28.77;14.5728;90
28.78;14.5728;90
28.79;14.5728;90
28.8;14.5728;90
28.81;14.5728;90
28.82;14.5728;90
28.83;14.5728;90
28.84;14.5728;90
28.85;14.5728;90
28.86;14.6529;90
28.87;14.6529;90
28.88;14.6529;90
28.89;14.6529;90
28.9;14.6529;90
28.91;14.6529;90
28.92;14.6529;90
28.93;14.6529;90
28.94;14.6529;90
28.95;14.6529;90
28.96;14.6529;90
28.97;14.6529;90
28.98;14.6529;90
28.99;14.6529;90
29;14.6529;90
29.01;14.6529;90
29.02;14.6529;90
29.03;14.6529;90
29.04;14.6529;90
29.05;14.6529;90
29.06;14.6529;90
29.07;14.6529;90
29.08;14.6529;90
29.09;14.6529;90
29.1;14.6529;90
29.11;14.7088;90
29.12;14.7088;90
29.13;14.7088;90
29.14;14.7088;90
29.15;14.7088;90
29.16;14.7088;90
29.17;14.7088;90
29.18;14.7088;90
29.19;14.7088;90
29.2;14.7088;90
29.21;14.7088;90
29.22;14.7088;90
29.23;14.7088;90
29.24;14.7088;90
29.25;14.7088;90
29.26;14.7088;90
29.27;14.7088;90
29.28;14.7088;90
29.29;14.7088;90
29.3;14.7088;90
29.31;14.7088;90
29.32;14.7088;90
29.33;14.7088;90
29.34;14.7088;90
29.35;14.7088;90
29.36;14.7367;90
29.37;14.7367;90
29.38;14.7367;90
29.39;14.7367;90
29.4;14.7367;90
29.41;14.7367;90
29.42;14.7367;90
29.43;14.7367;90
29.44;14.7367;90
29.45;14.7367;90
29.46;14.7367;90
29.47;14.7367;90
29.48;14.7367;90
29.49;14.7367;90
29.5;14.7367;90
29.51;14.7367;90
29.52;14.7367;90
29.53;14.7367;90
29.54;14.7367;90
29.55;14.7367;90
29.56;14.7367;90
29.57;14.7367;90
29.58;14.7367;90
29.59;14.7367;90
29.6;14.7016;90
29.61;14.7016;90
29.62;14.7016;90
29.63;14.7016;90
29.64;14.7016;90
29.65;14.7016;90
29.66;14.7016;90
29.67;14.7016;90
29.68;14.7016;90
29.69;14.7016;90
29.7;14.7016;90
29.71;14.7016;90
29.72;14.7016;90
29.73;14.7016;90
29.74;14.7016;90
29.75;14.7016;90
29.76;14.7016;90
29.77;14.7016;90
29.78;14.7016;90
29.79;14.7016;90
29.8;14.7016;90
29.81;14.7016;90
29.82;14.7016;90
29.83;14.7016;90
29.84;14.7016;90
29.85;14.7016;90
29.86;14.7394;90
29.87;14.7394;90
29.88;14.7394;90
29.89;14.7394;90
29.9;14.7394;90
29.91;14.7394;90
29.92;14.7394;90
29.93;14.7394;90
29.94;14.7394;90
29.95;14.7394;90
29.96;14.7394;90
29.97;14.7394;90
29.98;14.7394;90
29.99;14.7394;90
30;14.7394;90
30.01;14.7394;90
30.02;14.7394;90
30.03;14.7394;90
30.04;14.7394;90
30.05;14.7394;90
30.06;14.7394;90
30.07;14.7394;90
30.08;14.7394;90
30.09;14.7394;90
30.1;14.7916;90
30.11;14.7916;90
30.12;14.7916;90
30.13;14.7916;90
30.14;14.7916;90
30.15;14.7916;90
30.16;14.7916;90
30.17;14.7916;90
30.18;14.7916;90
30.19;14.7916;90
30.2;14.7916;90
30.21;14.7916;90
30.22;14.7916;90
30.23;14.7916;90
30.24;14.7916;90
30.25;14.7916;90
30.26;14.7916;90
30.27;14.7916;90
30.28;14.7916;90
30.29;14.7916;90
30.3;14.7916;90
30.31;14.7916;90
30.32;14.7916;90
30.33;14.7916;90
30.34;14.7916;90
30.35;14.824;90
30.36;14.824;90
30.37;14.824;90
30.38;14.824;90
30.39;14.824;90
30.4;14.824;90
30.41;14.824;90
30.42;14.824;90
30.43;14.824;90
30.44;14.824;90
30.45;14.824;90
30.46;14.824;90
30.47;14.824;90
30.48;14.824;90
30.49;14.824;90
30.5;14.824;90
30.51;14.824;90
30.52;14.824;90
30.53;14.824;90
30.54;14.824;90
30.55;14.824;90
30.56;14.824;90
30.57;14.824;90
30.58;14.824;90
30.59;14.824;90
30.6;14.8511;90
30.61;14.8511;90
30.62;14.8511;90
30.63;14.8511;90
30.64;14.8511;90
30.65;14.8511;90
30.66;14.8511;90
30.67;14.8511;90
30.68;14.8511;90
30.69;14.8511;90
30.7;14.8511;90
30.71;14.8511;90
30.72;14.8511;90
30.73;14.8511;90
30.74;14.8511;90
30.75;14.8511;90
30.76;14.8511;90
30.77;14.8511;90
30.78;14.8511;90
30.79;14.8511;90
30.8;14.8511;90
30.81;14.8511;90
30.82;14.8511;90
30.83;14.8511;90
30.84;14.8916;90
30.85;14.8916;90
30.86;14.8916;90
30.87;14.8916;90
30.88;14.8916;90
30.89;14.8916;90
30.9;14.8916;90
30.91;14.8916;90
30.92;14.8916;90
30.93;14.8916;90
30.94;14.8916;90
30.95;14.8916;90
30.96;14.8916;90
30.97;14.8916;90
30.98;14.8916;90
30.99;14.8916;90
31;14.8916;90
31.01;14.8916;90
31.02;14.8916;90
31.03;14.8916;90
31.04;14.8916;90
31.05;14.8916;90
31.06;14.8916;90
31.07;14.8916;90
31.08;14.8916;90
31.09;14.8736;90
31.1;14.8736;90
31.11;14.8736;90
31.12;14.8736;90
31.13;14.8736;90
31.14;14.8736;90
31.15;14.8736;90
31.16;14.8736;90
31.17;14.8736;90
31.18;14.8736;90
31.19;14.8736;90
31.2;14.8736;90
31.21;14.8736;90
31.22;14.8736;90
31.23;14.8736;90
31.24;14.8736;90
31.25;14.8736;90
31.26;14.8736;90
31.27;14.8736;90
31.28;14.8736;90
31.29;14.8736;90
31.3;14.8736;90
31.31;14.8736;90
31.32;14.8736;90
31.33;14.8736;90
31.34;14.8826;90
31.35;14.8826;90
31.36;14.8826;90
31.37;14.8826;90
31.38;14.8826;90
31.39;14.8826;90
31.4;14.8826;90
31.41;14.8826;90
31.42;14.8826;90
31.43;14.8826;90
31.44;14.8826;90
31.45;14.8826;90
31.46;14.8826;90
31.47;14.8826;90
31.48;14.8826;90
31.49;14.8826;90
31.5;14.8826;90
31.51;14.8826;90
31.52;14.8826;90
31.53;14.8826;90
31.54;14.8826;90
31.55;14.8826;90
31.56;14.8826;90
31.57;14.8826;90
31.58;14.8826;90
31.59;14.8736;90
31.6;14.8736;90
31.61;14.8736;90
31.62;14.8736;90
31.63;14.8736;90
31.64;14.8736;90
31.65;14.8736;90
31.66;14.8736;90
31.67;14.8736;90
31.68;14.8736;90
31.69;14.8736;90
31.7;14.8736;90
31.71;14.8736;90
31.72;14.8736;90
31.73;14.8736;90
31.74;14.8736;90
31.75;14.8736;90
31.76;14.8736;90
31.77;14.8736;90
31.78;14.8736;90
31.79;14.8736;90
31.8;14.8736;90
31.81;14.8736;90
31.82;14.8736;90
31.83;14.8258;90
31.84;14.8258;90
31.85;14.8258;90
31.86;14.8258;90
31.87;14.8258;90
31.88;14.8258;90
31.89;14.8258;90
31.9;14.8258;90
31.91;14.8258;90
31.92;14.8258;90
31.93;14.8258;90
31.94;14.8258;90
31.95;14.8258;90
31.96;14.8258;90
31.97;14.8258;90
31.98;14.8258;90
31.99;14.8258;90
32;14.8258;90
32.01;14.8258;90
32.02;14.8258;90
32.03;14.8258;90
32.04;14.8258;90
32.05;14.8258;90
32.06;14.8258;90
32.07;14.8258;90
32.08;14.8637;90
32.09;14.8637;90
32.1;14.8637;90
32.11;14.8637;90
32.12;14.8637;90
32.13;14.8637;90
32.14;14.8637;90
32.15;14.8637;90
32.16;14.8637;90
32.17;14.8637;90
32.18;14.8637;90
32.19;14.8637;90
32.2;14.8637;90
32.21;14.8637;90
32.22;14.8637;90
32.23;14.8637;90
32.24;14.8637;90
32.25;14.8637;90
32.26;14.8637;90
32.27;14.8637;90
32.28;14.8637;90
32.29;14.8637;90
32.3;14.8637;90
32.31;14.8637;90
32.32;14.8637;90
32.33;14.8375;90
32.34;14.8375;90
32.35;14.8375;90
32.36;14.8375;90
32.37;14.8375;90
32.38;14.8375;90
32.39;14.8375;90
32.4;14.8375;90
32.41;14.8375;90
32.42;14.8375;90
32.43;14.8375;90
32.44;14.8375;90
32.45;14.8375;90
32.46;14.8375;90
32.47;14.8375;90
32.48;14.8375;90
32.49;14.8375;90
32.5;14.8375;90
32.51;14.8375;90
32.52;14.8375;90
32.53;14.8375;90
32.54;14.8375;90
32.55;14.8375;90
32.56;14.8375;90
32.57;14.8447;90
32.58;14.8447;90
32.59;14.8447;90
32.6;14.8447;90
32.61;14.8447;90
32.62;14.8447;90
32.63;14.8447;90
32.64;14.8447;90
32.65;14.8447;90
32.66;14.8447;90
32.67;14.8447;90
32.68;14.8447;90
32.69;14.8447;90
32.7;14.8447;90
32.71;14.8447;90
32.72;14.8447;90
32.73;14.8447;90
32.74;14.8447;90
32.75;14.8447;90
32.76;14.8447;90
32.77;14.8447;90
32.78;14.8447;90
32.79;14.8447;90
32.8;14.8447;90
32.81;14.8447;90
32.82;14.8447;90
32.83;14.8447;90
32.84;14.8447;90
32.85;14.8447;90
32.86;14.8447;90
32.87;14.8447;90
32.88;14.8447;90
32.89;14.8447;90
32.9;14.8447;90
32.91;14.8646;90
32.92;14.8646;90
32.93;14.8646;90
32.94;14.8835;90
32.95;14.8835;90
32.96;14.8736;90
32.97;14.8736;90
32.98;14.8736;90
32.99;14.8736;90
33;14.8736;90
33.01;14.8736;90
33.02;14.8736;90
33.03;14.8736;90
33.04;14.8736;90
33.05;14.8736;90
33.06;14.8736;90
33.07;14.8736;90
33.08;14.8736;90
33.09;14.8736;90
33.1;14.8736;90
33.11;14.8736;90
33.12;14.8736;90
33.13;14.8736;90
33.14;14.8736;90
33.15;14.8736;90
33.16;14.8736;90
33.17;14.8736;90
33.18;14.8736;90
33.19;14.8736;90
33.2;14.8736;90
33.21;14.8736;90
33.22;14.8736;90
33.23;14.8736;90
33.24;14.8736;90
33.25;14.8736;90
33.26;14.8736;90
33.27;14.8736;90
33.28;14.8736;90
33.29;14.8736;90
33.3;14.8736;90
33.31;14.8736;90
33.32;14.8736;90
33.33;14.8736;90
33.34;14.8736;90
33.35;14.8736;90
33.36;14.8736;90
33.37;14.8736;90
33.38;14.8736;90
33.39;14.8736;90
33.4;14.8736;90
33.41;14.8736;90
33.42;14.8736;90
33.43;14.8547;90
33.44;14.8547;90
33.45;14.8547;90
33.46;14.8547;90
33.47;14.8547;90
33.48;14.8547;90
33.49;14.8547;90
33.5;14.8547;90
33.51;14.8547;90
33.52;14.8547;90
33.53;14.8547;90
33.54;14.8547;90
33.55;14.8547;90
33.56;14.8547;90
33.57;14.8547;90
33.58;14.8547;90
33.59;14.8547;90
33.6;14.8547;90
33.61;14.8547;90
33.62;14.8547;90
33.63;14.8547;90
33.64;14.8547;90
33.65;14.8547;90
33.66;14.8547;90
33.67;14.8547;90
33.68;14.8547;90
33.69;14.8547;90
33.7;14.8547;90
33.71;14.8547;90
33.72;14.8547;90
33.73;14.8547;90
33.74;14.8547;90
33.75;14.8547;90
33.76;14.8547;90
33.77;14.8547;90
33.78;14.8547;90
33.79;14.8547;90
33.8;14.8547;90
33.81;14.8547;90
33.82;14.8547;90
33.83;14.8547;90
33.84;14.8547;90
33.85;14.8456;90
33.86;14.8456;90
33.87;14.8456;90
33.88;14.8456;90
33.89;14.8456;90
33.9;14.8456;90
33.91;14.8456;90
33.92;14.8456;90
33.93;14.8456;90
33.94;14.8456;90
33.95;14.8456;90
33.96;14.8456;90
33.97;14.8456;90
33.98;14.8456;90
33.99;14.8456;90
34;14.8456;90
34.01;14.8456;90
34.02;14.8456;90
34.03;14.8456;90
34.04;14.8456;90
34.05;14.8456;90
34.06;14.8456;90
34.07;14.8456;90
34.08;14.8456;90
34.09;14.8456;90
34.1;14.8456;90
34.11;14.842;90
34.12;14.842;90
34.13;14.842;90
34.14;14.842;90
34.15;14.842;90
34.16;14.842;90
34.17;14.842;90
