Time;[0:0];[0:16]
0;31.1082;5.48553
0.01;31.1082;5.48553
0.02;31.1082;5.48553
0.03;31.1082;5.48553
0.04;31.2341;5.48553
0.05;31.2341;5.48553
0.06;31.2341;5.48553
0.07;31.2341;5.48553
0.08;31.2341;5.48553
0.09;31.2341;4.56105
0.1;31.2341;4.56105
0.11;31.2341;4.56105
0.12;31.2341;4.56105
0.13;31.2341;4.56105
0.14;31.2341;4.56105
0.15;31.2341;4.56105
0.16;31.2341;4.56105
0.17;31.2341;4.56105
0.18;31.2341;4.56105
0.19;31.2341;4.56105
0.2;31.2341;4.56105
0.21;31.2341;4.56105
0.22;31.2341;4.56105
0.23;31.2341;4.56105
0.24;30.7798;4.56105
0.25;30.7798;4.56105
0.26;30.7798;4.56105
0.27;30.7798;4.56105
0.28;30.7798;4.56105
0.29;30.7798;4.56105
0.3;30.7798;4.56105
0.31;30.7798;4.56105
0.32;30.7798;4.56105
0.33;30.7798;4.56105
0.34;30.7798;4.56105
0.35;30.7798;4.56105
0.36;30.7798;4.56105
0.37;30.7798;4.56105
0.38;30.7798;3.86661
0.39;30.7798;3.86661
0.4;30.7798;3.86661
0.41;30.7798;3.86661
0.42;30.7798;3.86661
0.43;30.7798;3.86661
0.44;30.7798;3.86661
0.45;30.7798;3.86661
0.46;30.7798;3.86661
0.47;30.7798;3.86661
0.48;30.7798;3.86661
0.49;30.7798;3.86661
0.5;30.1157;6.26823
0.51;30.1157;6.26823
0.52;30.1157;6.26823
0.53;30.1157;6.26823
0.54;30.1157;6.26823
0.55;30.1157;6.26823
0.56;30.1157;6.26823
0.57;30.1157;6.26823
0.58;30.1157;6.26823
0.59;30.1157;6.26823
0.6;30.1157;6.26823
0.61;30.6424;6.26823
0.62;30.6424;6.26823
0.63;30.6424;6.26823
0.64;30.6424;6.26823
0.65;30.6424;6.26823
0.66;30.6424;6.26823
0.67;30.6424;6.26823
0.68;30.6424;6.26823
0.69;30.6424;6.26823
0.7;30.6424;6.26823
0.71;30.6424;6.26823
0.72;30.6424;6.26823
0.73;30.6424;6.26823
0.74;30.6424;3.37182
0.75;30.6424;3.37182
0.76;30.6424;3.37182
0.77;30.6424;3.37182
0.78;30.6424;3.37182
0.79;30.6424;3.37182
0.8;30.6424;3.37182
0.81;30.6424;3.37182
0.82;30.6424;3.37182
0.83;30.6424;3.37182
0.84;30.6424;3.37182
0.85;30.6424;3.37182
0.86;30.6424;3.37182
0.87;30.6424;3.37182
0.88;30.6424;3.37182
0.89;30.6424;3.37182
0.9;30.6424;3.37182
0.91;30.6424;3.37182
0.92;30.6424;3.37182
0.93;30.6424;3.37182
0.94;30.6424;3.37182
0.95;30.6424;3.37182
0.96;30.6424;3.37182
0.97;30.6424;3.37182
0.98;30.6424;3.37182
0.99;30.6424;3.37182
1;30.6424;3.37182
1.01;28.5822;3.37182
1.02;28.5822;3.37182
1.03;28.5822;3.37182
1.04;28.5822;3.37182
1.05;28.5822;3.37182
1.06;28.5822;3.37182
1.07;28.5822;5.1658
1.08;28.5822;5.1658
1.09;28.5822;5.1658
1.1;28.5822;5.1658
1.11;28.5822;5.1658
1.12;28.5822;5.1658
1.13;28.5822;5.1658
1.14;28.5822;5.1658
1.15;28.5822;5.1658
1.16;28.5822;5.1658
1.17;28.5822;5.1658
1.18;28.5822;5.1658
1.19;28.5822;5.1658
1.2;28.5822;5.1658
1.21;28.5822;5.1658
1.22;28.5822;5.1658
1.23;28.5822;5.1658
1.24;28.5822;5.1658
1.25;28.5822;5.1658
1.26;28.5822;5.1658
1.27;28.5822;5.1658
1.28;28.5822;5.1658
1.29;28.5822;5.1658
1.3;28.5822;5.1658
1.31;29.7815;5.1658
1.32;29.7815;5.1658
1.33;29.7815;5.1658
1.34;29.7815;5.1658
1.35;29.7815;5.1658
1.36;29.7815;5.1658
1.37;29.7815;6.82813
1.38;29.7815;6.82813
1.39;29.7815;6.82813
1.4;29.7815;6.82813
1.41;29.7815;6.82813
1.42;29.7815;6.82813
1.43;29.7815;6.82813
1.44;29.7815;6.82813
1.45;29.7815;6.82813
1.46;29.7815;6.82813
1.47;29.7815;6.82813
1.48;29.7815;6.82813
1.49;29.7815;6.82813
1.5;29.7815;6.82813
1.51;29.7815;6.82813
1.52;29.7815;6.82813
1.53;29.7815;6.82813
1.54;29.7815;6.82813
1.55;29.7815;6.82813
1.56;29.1175;6.82813
1.57;29.1175;6.82813
1.58;29.1175;6.82813
1.59;29.1175;6.82813
1.6;29.1175;6.82813
1.61;29.1175;6.82813
1.62;29.1175;4.88079
1.63;29.1175;4.88079
1.64;29.1175;4.88079
1.65;29.1175;4.88079
1.66;29.1175;4.88079
1.67;29.1175;4.88079
1.68;29.1175;4.88079
1.69;29.1175;4.88079
1.7;29.1175;4.88079
1.71;29.1175;4.88079
1.72;29.1175;4.88079
1.73;29.1175;4.88079
1.74;29.1175;4.88079
1.75;29.1175;4.88079
1.76;29.1175;4.88079
1.77;29.1175;4.88079
1.78;29.1175;4.88079
1.79;29.1175;4.88079
1.8;29.0205;4.88079
1.81;29.0205;4.88079
1.82;29.0205;4.88079
1.83;29.0205;4.88079
1.84;29.0205;4.88079
1.85;29.0205;4.88079
1.86;29.0205;4.88079
1.87;29.0205;5.49855
1.88;29.0205;5.49855
1.89;29.0205;5.49855
1.9;29.0205;5.49855
1.91;29.0205;5.49855
1.92;29.0205;5.49855
1.93;29.0205;5.49855
1.94;29.0205;5.49855
1.95;29.0205;5.49855
1.96;29.0205;5.49855
1.97;29.0205;5.49855
1.98;29.0205;5.49855
1.99;29.0205;5.49855
2;29.0205;5.49855
2.01;29.0205;5.49855
2.02;29.0205;5.49855
2.03;29.0205;5.49855
2.04;29.0205;5.49855
2.05;29.2028;5.49855
2.06;29.2028;5.49855
2.07;29.2028;5.49855
2.08;29.2028;5.49855
2.09;29.2028;5.49855
2.1;29.2028;5.49855
2.11;29.2028;6.87153
2.12;29.2028;6.87153
2.13;29.2028;6.87153
2.14;29.2028;6.87153
2.15;29.2028;6.87153
2.16;29.2028;6.87153
2.17;29.2028;6.87153
2.18;29.2028;6.87153
2.19;29.2028;6.87153
2.2;29.2028;6.87153
2.21;29.2028;6.87153
2.22;29.2028;6.87153
2.23;29.2028;6.87153
2.24;29.2028;6.87153
2.25;29.2028;6.87153
2.26;29.2028;6.87153
2.27;29.2028;6.87153
2.28;29.2028;6.87153
2.29;29.2028;6.87153
2.3;28.2306;6.87153
2.31;28.2306;6.87153
2.32;28.2306;6.87153
2.33;28.2306;6.87153
2.34;28.2306;6.87153
2.35;28.2306;6.87153
2.36;28.2306;7.1276
2.37;28.2306;7.1276
2.38;28.2306;7.1276
2.39;28.2306;7.1276
2.4;28.2306;7.1276
2.41;28.2306;7.1276
2.42;28.2306;7.1276
2.43;28.2306;7.1276
2.44;28.2306;7.1276
2.45;28.2306;7.1276
2.46;28.2306;7.1276
2.47;28.2306;7.1276
2.48;28.2306;7.1276
2.49;28.2306;7.1276
2.5;28.2306;7.1276
2.51;28.2306;7.1276
2.52;28.2306;7.1276
2.53;28.2306;7.1276
2.54;28.2306;7.1276
2.55;28.2306;7.1276
2.56;28.2306;7.1276
2.57;28.2306;7.1276
2.58;28.2306;7.1276
2.59;28.9685;7.1276
2.6;28.9685;7.1276
2.61;28.9685;7.1276
2.62;28.9685;7.1276
2.63;28.9685;7.1276
2.64;28.9685;7.1276
2.65;28.9685;7.1276
2.66;28.9685;6.72396
2.67;28.9685;6.72396
2.68;28.9685;6.72396
2.69;28.9685;6.72396
2.7;28.9685;6.72396
2.71;28.9685;6.72396
2.72;28.9685;6.72396
2.73;28.9685;6.72396
2.74;28.9685;6.72396
2.75;28.9685;6.72396
2.76;28.9685;6.72396
2.77;28.9685;6.72396
2.78;28.9685;6.72396
2.79;28.9685;6.72396
2.8;28.9685;6.72396
2.81;28.9685;6.72396
2.82;28.9685;6.72396
2.83;28.6936;6.72396
2.84;28.6936;6.72396
2.85;28.6936;6.72396
2.86;28.6936;6.72396
2.87;28.6936;6.72396
2.88;28.6936;6.72396
2.89;28.6936;6.72396
2.9;28.6936;6.72396
2.91;28.6936;6.72396
2.92;28.6936;7.43287
2.93;28.6936;7.43287
2.94;28.6936;7.43287
2.95;28.6936;7.43287
2.96;28.6936;7.43287
2.97;28.6936;7.43287
2.98;28.6936;7.43287
2.99;28.6936;7.43287
3;28.6936;7.43287
3.01;28.6936;7.43287
3.02;28.6936;7.43287
3.03;28.6936;7.43287
3.04;28.6936;7.43287
3.05;28.6936;7.43287
3.06;28.6936;7.43287
3.07;28.6936;7.43287
3.08;28.6936;7.43287
3.09;28.6936;7.43287
3.1;28.6936;7.43287
3.11;28.3898;7.78443
3.12;28.3898;7.78443
3.13;28.3898;7.78443
3.14;28.3898;7.78443
3.15;28.3898;7.78443
3.16;28.3898;7.78443
3.17;28.3898;7.78443
3.18;28.3898;7.78443
3.19;28.3898;7.78443
3.2;28.3898;7.78443
3.21;28.3898;7.78443
3.22;28.3898;7.78443
3.23;28.3898;7.78443
3.24;28.3898;7.78443
3.25;28.3898;7.78443
3.26;28.3898;7.78443
3.27;28.3898;7.78443
3.28;28.3898;7.78443
3.29;28.3898;7.78443
3.3;28.1062;7.78443
3.31;28.1062;7.78443
3.32;28.1062;7.78443
3.33;28.1062;7.78443
3.34;28.1062;7.78443
3.35;28.1062;7.78443
3.36;28.1062;7.78443
3.37;28.1062;7.78443
3.38;28.1062;7.78443
3.39;28.1062;7.78443
3.4;28.1062;7.78443
3.41;28.1062;7.78443
3.42;28.1062;7.78443
3.43;28.1062;7.83652
3.44;28.1062;7.83652
3.45;28.1062;7.83652
3.46;28.1062;7.83652
3.47;27.9962;8.04774
3.48;27.9962;8.04774
3.49;27.9962;8.04774
3.5;27.9962;8.04774
3.51;27.9962;8.04774
3.52;27.9962;8.04774
3.53;27.9962;8.04774
3.54;27.9962;8.04774
3.55;27.9962;8.04774
3.56;27.9962;8.04774
3.57;27.9962;8.04774
3.58;27.9962;8.04774
3.59;27.9962;8.04774
3.6;27.9962;8.04774
3.61;27.9962;8.04774
3.62;27.9962;8.04774
3.63;27.9962;8.04774
3.64;27.9962;8.04774
3.65;27.9962;8.04774
3.66;27.9962;8.04774
3.67;27.9962;8.04774
3.68;27.9962;8.04774
3.69;27.9962;8.04774
3.7;27.9962;8.04774
3.71;27.9962;8.04774
3.72;27.9962;8.04774
3.73;27.9962;8.04774
3.74;27.9962;8.04774
3.75;27.9962;8.04774
3.76;27.9962;8.04774
3.77;27.9962;8.04774
3.78;27.9962;8.04774
3.79;27.9962;8.04774
3.8;27.9962;8.04774
3.81;27.9962;8.04774
3.82;27.9962;8.04774
3.83;27.9962;8.04774
3.84;28.002;8.04774
3.85;28.002;8.04774
3.86;28.002;8.04774
3.87;28.002;8.04774
3.88;28.002;8.27344
3.89;28.002;8.27344
3.9;28.002;8.27344
3.91;28.002;8.27344
3.92;28.002;8.27344
3.93;28.002;8.27344
3.94;28.002;8.27344
3.95;28.002;8.27344
3.96;28.002;8.27344
3.97;28.002;8.27344
3.98;28.002;8.27344
3.99;28.002;8.27344
4;28.002;8.27344
4.01;28.002;8.27344
4.02;28.002;8.27344
4.03;28.002;8.27344
4.04;28.002;8.27344
4.05;28.002;8.27344
4.06;28.002;8.27344
4.07;27.6635;8.27344
4.08;27.6635;8.27344
4.09;27.6635;8.27344
4.1;27.6635;8.27344
4.11;27.6635;8.27344
4.12;27.6635;8.27344
4.13;27.6635;8.48466
4.14;27.6635;8.48466
4.15;27.6635;8.48466
4.16;27.6635;8.48466
4.17;27.6635;8.48466
4.18;27.6635;8.48466
4.19;27.6635;8.48466
4.2;27.6635;8.48466
4.21;27.6635;8.48466
4.22;27.6635;8.48466
4.23;27.6635;8.48466
4.24;27.6635;8.48466
4.25;27.6635;8.48466
4.26;27.6635;8.48466
4.27;27.6635;8.48466
4.28;27.6635;8.48466
4.29;27.6635;8.48466
4.3;27.6635;8.48466
4.31;27.3843;8.48466
4.32;27.3843;8.48466
4.33;27.3843;8.48466
4.34;27.3843;8.48466
4.35;27.3843;8.48466
4.36;27.3843;8.48466
4.37;27.3843;8.48466
4.38;27.3843;8.81887
4.39;27.3843;8.81887
4.4;27.3843;8.81887
4.41;27.3843;8.81887
4.42;27.3843;8.81887
4.43;27.3843;8.81887
4.44;27.3843;8.81887
4.45;27.3843;8.81887
4.46;27.3843;8.81887
4.47;27.3843;8.81887
4.48;27.3843;8.81887
4.49;27.3843;8.81887
4.5;27.3843;8.81887
4.51;27.3843;8.81887
4.52;27.3843;8.81887
4.53;27.3843;8.81887
4.54;27.3843;8.81887
4.55;27.3843;8.81887
4.56;27.3351;8.81887
4.57;27.3351;8.81887
4.58;27.3351;8.81887
4.59;27.3351;8.81887
4.6;27.3351;8.81887
4.61;27.3351;8.81887
4.62;27.3351;8.91001
4.63;27.3351;8.91001
4.64;27.3351;8.91001
4.65;27.3351;8.91001
4.66;27.3351;8.91001
4.67;27.3351;8.91001
4.68;27.3351;8.91001
4.69;27.3351;8.91001
4.7;27.3351;8.91001
4.71;27.3351;8.91001
4.72;27.3351;8.91001
4.73;27.3351;8.91001
4.74;27.3351;8.91001
4.75;27.3351;8.91001
4.76;27.3351;8.91001
4.77;27.3351;8.91001
4.78;27.3351;8.91001
4.79;27.3351;8.91001
4.8;27.3351;8.91001
4.81;26.9878;8.91001
4.82;26.9878;8.91001
4.83;26.9878;8.91001
4.84;26.9878;8.91001
4.85;26.9878;8.91001
4.86;26.9878;8.91001
4.87;26.9878;9.15885
4.88;26.9878;9.15885
4.89;26.9878;9.15885
4.9;26.9878;9.15885
4.91;26.9878;9.15885
4.92;26.9878;9.15885
4.93;26.9878;9.15885
4.94;26.9878;9.15885
4.95;26.9878;9.15885
4.96;26.9878;9.15885
4.97;26.9878;9.15885
4.98;26.9878;9.15885
4.99;26.9878;9.15885
5;26.9878;9.15885
5.01;26.9878;9.15885
5.02;26.9878;9.15885
5.03;26.9878;9.15885
5.04;26.9878;9.15885
5.05;26.9878;9.15885
5.06;26.8953;9.15885
5.07;26.8953;9.15885
5.08;26.8953;9.15885
5.09;26.8953;9.15885
5.1;26.8953;9.15885
5.11;26.8953;9.15885
5.12;26.8953;9.48438
5.13;26.8953;9.48438
5.14;26.8953;9.48438
5.15;26.8953;9.48438
5.16;26.8953;9.48438
5.17;26.8953;9.48438
5.18;26.8953;9.48438
5.19;26.8953;9.48438
5.2;26.8953;9.48438
5.21;26.8953;9.48438
5.22;26.8953;9.48438
5.23;26.8953;9.48438
5.24;26.8953;9.48438
5.25;26.8953;9.48438
5.26;26.8953;9.48438
5.27;26.8953;9.48438
5.28;26.8953;9.48438
5.29;26.8953;9.48438
5.3;26.6508;9.48438
5.31;26.6508;9.48438
5.32;26.6508;9.48438
5.33;26.6508;9.48438
5.34;26.6508;9.48438
5.35;26.6508;9.48438
5.36;26.6508;9.48438
5.37;26.6508;9.49016
5.38;26.6508;9.49016
5.39;26.6508;9.49016
5.4;26.6508;9.49016
5.41;26.6508;9.49016
5.42;26.6508;9.49016
5.43;26.6508;9.49016
5.44;26.6508;9.49016
5.45;26.6508;9.49016
5.46;26.6508;9.49016
5.47;26.6508;9.49016
5.48;26.6508;9.49016
5.49;26.6508;9.49016
5.5;26.6508;9.49016
5.51;26.6508;9.49016
5.52;26.6508;9.49016
5.53;26.6508;9.49016
5.54;26.6508;9.49016
5.55;26.344;9.49016
5.56;26.344;9.49016
5.57;26.344;9.49016
5.58;26.344;9.49016
5.59;26.344;9.49016
5.6;26.344;9.49016
5.61;26.344;9.83883
5.62;26.344;9.83883
5.63;26.344;9.83883
5.64;26.344;9.83883
5.65;26.344;9.83883
5.66;26.344;9.83883
5.67;26.344;9.83883
5.68;26.344;9.83883
5.69;26.344;9.83883
5.7;26.344;9.83883
5.71;26.344;9.83883
5.72;26.344;9.83883
5.73;26.344;9.83883
5.74;26.344;9.83883
5.75;26.344;9.83883
5.76;26.344;9.83883
5.77;26.344;9.83883
5.78;26.344;9.83883
5.79;26.3354;9.83883
5.8;26.3354;9.83883
5.81;26.3354;9.83883
5.82;26.3354;9.83883
5.83;26.3354;9.83883
5.84;26.3354;9.83883
5.85;26.3354;9.88513
5.86;26.3354;9.88513
5.87;26.3354;9.88513
5.88;26.3354;9.88513
5.89;26.3354;9.88513
5.9;26.3354;9.88513
5.91;26.3354;9.88513
5.92;26.3354;9.88513
5.93;26.3354;9.88513
5.94;26.3354;9.88513
5.95;26.3354;9.88513
5.96;26.3354;9.88513
5.97;26.3354;9.88513
5.98;26.3354;9.88513
5.99;26.3354;9.88513
6;26.3354;9.88513
6.01;26.3354;9.88513
6.02;26.3354;9.88513
6.03;26.3354;9.88513
6.04;26.3354;9.88513
6.05;26.3354;9.88513
6.06;26.3354;9.88513
6.07;26.3354;9.88513
6.08;26.3354;9.88513
6.09;26.3354;9.88513
6.1;26.3354;9.88513
6.11;26.3354;9.88513
6.12;26.3354;9.88513
6.13;26.3354;9.88513
6.14;25.9809;10.3119
6.15;25.9809;10.3119
6.16;25.9809;10.3119
6.17;25.9809;10.3119
6.18;25.9809;10.3119
6.19;25.9809;10.3119
6.2;25.9809;10.3119
6.21;25.9418;10.3322
6.22;25.9418;10.3322
6.23;25.9418;10.3322
6.24;25.9418;10.3322
6.25;25.9418;10.3322
6.26;25.9418;10.3322
6.27;25.9418;10.3322
6.28;25.9418;10.3322
6.29;25.9418;10.3322
6.3;25.9418;10.3322
6.31;25.9418;10.3322
6.32;25.9418;10.3322
6.33;25.9418;10.3322
6.34;25.9418;10.3322
6.35;25.9418;10.3322
6.36;25.9418;10.3322
6.37;25.9418;10.3322
6.38;25.9418;10.3322
6.39;25.9418;10.3322
6.4;25.9418;10.3322
6.41;25.9418;10.3322
6.42;25.9418;10.3322
6.43;25.9418;10.3322
6.44;25.9418;10.3322
6.45;25.9418;10.3322
6.46;25.9418;10.3322
6.47;25.9418;10.3322
6.48;25.9418;10.3322
6.49;25.9418;10.3322
6.5;25.9418;10.3322
6.51;25.9418;10.3322
6.52;25.9418;10.3322
6.53;25.9418;10.3322
6.54;25.9418;10.3322
6.55;25.9418;10.3322
6.56;25.6453;10.3322
6.57;25.6453;10.3322
6.58;25.6453;10.3322
6.59;25.6453;10.3322
6.6;25.6453;10.3322
6.61;25.6453;10.3322
6.62;25.6453;10.3322
6.63;25.6453;10.3322
6.64;25.6453;10.3322
6.65;25.6453;10.3322
6.66;25.6453;10.3322
6.67;25.6453;10.3322
6.68;25.6453;10.3322
6.69;25.6453;10.6374
6.7;25.6453;10.6374
6.71;25.4022;10.6837
6.72;25.4022;10.6837
6.73;25.4022;10.6837
6.74;25.4022;10.6837
6.75;25.4022;10.6837
6.76;25.4022;10.6837
6.77;25.4022;10.6837
6.78;25.4022;10.6837
6.79;25.4022;10.6837
6.8;25.4022;10.6837
6.81;25.4022;10.6837
6.82;25.4022;10.6837
6.83;25.4022;10.6837
6.84;25.4022;10.6837
6.85;25.4022;10.6837
6.86;25.4022;10.6837
6.87;25.4022;10.6837
6.88;25.4022;10.6837
6.89;25.4022;10.6837
6.9;25.4022;10.6837
6.91;25.4022;10.6837
6.92;25.4022;10.6837
6.93;25.3168;10.6837
6.94;25.3168;10.6837
6.95;25.3168;10.6837
6.96;25.3168;10.6837
6.97;25.3168;10.6837
6.98;25.3168;10.6837
6.99;25.3168;10.6837
7;25.3168;10.6837
7.01;25.3168;10.6837
7.02;25.3168;10.6837
7.03;25.3168;10.6837
7.04;25.3168;10.6837
7.05;25.3168;10.6837
7.06;25.3168;10.6837
7.07;25.3168;10.6837
7.08;25.3168;10.6837
7.09;25.3168;10.6837
7.1;25.3168;10.6837
7.11;25.3168;10.9456
7.12;25.3168;10.9456
7.13;25.3168;10.9456
7.14;25.3168;10.9456
7.15;25.3168;10.9456
7.16;25.3168;10.9456
7.17;25.3168;10.9456
7.18;25.3168;10.9456
7.19;25.3168;10.9456
7.2;25.3168;10.9456
7.21;25.0043;10.9456
7.22;25.0043;10.9456
7.23;25.0043;10.9456
7.24;25.0043;10.9456
7.25;25.0043;11.1944
7.26;25.0043;11.1944
7.27;25.0043;11.1944
7.28;25.0043;11.1944
7.29;25.0043;11.1944
7.3;25.0043;11.1944
7.31;25.0043;11.1944
7.32;25.0043;11.1944
7.33;25.0043;11.1944
7.34;25.0043;11.1944
7.35;25.0043;11.1944
7.36;25.0043;11.1944
7.37;25.0043;11.1944
7.38;25.0043;11.1944
7.39;25.0043;11.1944
7.4;25.0043;11.1944
7.41;25.0043;11.1944
7.42;25.0043;11.1944
7.43;25.0043;11.1944
7.44;25.0043;11.1944
7.45;25.0043;11.1944
7.46;25.0043;11.1944
7.47;25.0043;11.1944
7.48;25.0043;11.1944
7.49;25.0043;11.1944
7.5;25.0043;11.1944
7.51;25.0043;11.1944
7.52;24.8857;11.1944
7.53;24.8857;11.1944
7.54;24.8857;11.1944
7.55;24.8857;11.1944
7.56;24.8857;11.1944
7.57;24.8857;11.1944
7.58;24.8857;11.1944
7.59;24.8857;11.1944
7.6;24.8857;11.1944
7.61;24.8857;11.1944
7.62;24.8857;11.1944
7.63;24.8857;11.1944
7.64;24.8857;11.1944
7.65;24.8857;11.1944
7.66;24.8857;11.1944
7.67;24.6369;11.3102
7.68;24.6369;11.5286
7.69;24.6369;11.5286
7.7;24.6369;11.5286
7.71;24.6369;11.5286
7.72;24.6369;11.5286
7.73;24.6369;11.5286
7.74;24.6369;11.5286
7.75;24.6369;11.5286
7.76;24.6369;11.5286
7.77;24.6369;11.5286
7.78;24.6369;11.5286
7.79;24.6369;11.5286
7.8;24.6369;11.5286
7.81;24.6369;11.5286
7.82;24.6369;11.5286
7.83;24.6369;11.5286
7.84;24.6369;11.5286
7.85;24.6369;11.5286
7.86;24.6369;11.5286
7.87;24.6369;11.5286
7.88;24.6369;11.5286
7.89;24.6369;11.5286
7.9;24.6369;11.5286
7.91;24.6369;11.5286
7.92;24.6369;11.5286
7.93;24.6369;11.5286
7.94;24.6369;11.5286
7.95;24.6369;11.5286
7.96;24.6369;11.5286
7.97;24.6369;11.5286
7.98;24.3808;11.5286
7.99;24.3808;11.5286
8;24.3808;11.5286
8.01;24.3808;11.5286
8.02;24.3808;11.5286
8.03;24.3808;11.5286
8.04;24.3808;11.5286
8.05;24.3808;11.5286
8.06;24.3808;11.5286
8.07;24.3808;11.5286
8.08;24.3808;11.5286
8.09;24.3808;11.7283
8.1;24.3808;11.7283
8.11;24.3808;11.7283
8.12;24.3808;11.7283
8.13;24.3808;11.7283
8.14;24.3808;11.7283
8.15;23.724;11.7283
8.16;23.724;11.7283
8.17;23.724;11.7283
8.18;23.724;11.7283
8.19;23.724;12.9595
8.2;23.724;12.9595
8.21;23.724;12.9595
8.22;23.724;12.9595
8.23;23.724;12.9595
8.24;23.724;12.9595
8.25;23.724;12.9595
8.26;23.724;12.9595
8.27;23.724;12.9595
8.28;23.724;12.9595
8.29;23.724;12.9595
8.3;23.724;12.9595
8.31;23.724;12.9595
8.32;23.724;12.9595
8.33;23.724;12.9595
8.34;23.724;12.9595
8.35;23.724;12.9595
8.36;23.724;12.9595
8.37;23.724;12.9595
8.38;23.724;12.9595
8.39;23.724;12.9595
8.4;23.724;12.9595
8.41;23.724;12.9595
8.42;23.724;12.9595
8.43;23.724;12.9595
8.44;23.724;12.9595
8.45;23.724;12.9595
8.46;23.724;12.9595
8.47;23.724;12.9595
8.48;23.724;12.9595
8.49;23.724;12.9595
8.5;23.724;12.9595
8.51;23.2624;12.9595
8.52;23.2624;12.9595
8.53;23.2624;12.9595
8.54;23.2624;12.9595
8.55;23.2624;12.9595
8.56;23.2624;12.9595
8.57;23.2624;12.9595
8.58;23.2624;12.9595
8.59;23.2624;12.9595
8.6;23.2624;12.9595
8.61;23.2624;12.9595
8.62;23.2624;12.9595
8.63;23.2624;12.9595
8.64;23.2624;12.9595
8.65;23.2624;12.9595
8.66;23.2624;12.9595
8.67;23.1713;12.5645
8.68;23.1713;12.5645
8.69;23.1713;12.5645
8.7;23.1713;12.5645
8.71;23.1713;11.1409
8.72;23.1713;11.1409
8.73;22.8313;11.1409
8.74;22.8313;11.1409
8.75;22.8313;11.1409
8.76;22.8313;11.1409
8.77;22.8313;11.1409
8.78;22.8313;11.1409
8.79;22.8313;11.1409
8.8;22.8313;11.1409
8.81;22.8313;11.1409
8.82;22.8313;11.1409
8.83;22.8313;11.1409
8.84;22.8313;11.1409
8.85;22.8313;11.1409
8.86;22.8313;12.6586
8.87;22.8313;12.6586
8.88;22.8313;12.6586
8.89;22.8313;12.6586
8.9;22.8313;12.6586
8.91;22.8313;12.6586
8.92;22.8313;12.6586
8.93;22.8313;12.6586
8.94;22.8313;12.6586
8.95;22.8313;12.6586
8.96;22.8313;12.6586
8.97;22.8313;12.6586
8.98;22.8313;12.6586
8.99;22.8313;12.6586
9;22.8313;12.6586
9.01;22.8313;12.6586
9.02;22.8313;12.6586
9.03;22.8313;12.6586
9.04;22.8313;12.6586
9.05;22.8313;12.6586
9.06;22.8313;12.6586
9.07;22.8313;12.6586
9.08;22.8313;12.6586
9.09;22.8313;12.6586
9.1;22.8313;12.6586
9.11;22.8313;12.6586
9.12;22.8313;12.6586
9.13;22.8313;12.6586
9.14;22.8313;12.6586
9.15;22.8313;12.6586
9.16;22.8313;12.6586
9.17;22.8313;12.6586
9.18;22.7011;13.5498
9.19;22.7011;13.5498
9.2;22.7011;13.5498
9.21;22.7011;13.5498
9.22;22.7011;13.5498
9.23;22.7011;13.5498
9.24;22.7011;13.5498
9.25;22.7011;13.5498
9.26;22.7011;13.5498
9.27;22.7011;13.5498
9.28;22.7011;13.5498
9.29;22.7011;13.5498
9.3;22.7011;13.5498
9.31;22.7011;13.5498
9.32;22.7011;13.5498
9.33;22.7011;13.5498
9.34;22.7011;13.5498
9.35;22.7011;13.5498
9.36;22.7011;13.5498
9.37;22.7011;13.5498
9.38;22.7011;13.5498
9.39;22.7011;13.5498
9.4;22.7011;13.5498
9.41;22.7011;13.5498
9.42;22.7011;13.5498
9.43;22.7011;13.5498
9.44;22.7011;13.5498
9.45;23.2494;13.5498
9.46;23.2494;13.5498
9.47;23.2494;13.5498
9.48;23.2494;13.5498
9.49;23.2494;13.5498
9.5;23.2494;13.5498
9.51;23.2494;13.5498
9.52;23.2494;13.5498
9.53;23.2494;13.5498
9.54;23.2494;13.5498
9.55;23.2494;13.5498
9.56;23.2494;12.8018
9.57;23.2494;12.8018
9.58;23.2494;12.8018
9.59;23.2494;12.8018
9.6;23.2494;12.8018
9.61;23.2494;12.8018
9.62;23.2494;12.8018
9.63;23.2494;12.8018
9.64;23.2494;12.8018
9.65;23.2494;12.8018
9.66;23.2494;12.8018
9.67;23.2494;12.8018
9.68;23.2494;12.8018
9.69;23.2494;12.8018
9.7;23.2494;12.8018
9.71;23.2494;12.8018
9.72;23.2494;12.8018
9.73;23.2494;12.8018
9.74;23.0078;12.6369
9.75;23.0078;12.6369
9.76;23.0078;12.6369
9.77;23.0078;12.6369
9.78;23.0078;12.6369
9.79;22.9543;12.6369
9.8;22.9543;12.6369
9.81;22.9543;12.6369
9.82;22.9543;12.6369
9.83;22.9543;13.1418
9.84;22.9543;13.1418
9.85;22.9543;13.1418
9.86;22.9543;13.1418
9.87;22.9543;13.1418
9.88;22.9543;13.1418
9.89;22.9543;13.1418
9.9;22.9543;13.1418
9.91;22.9543;13.1418
9.92;22.9543;13.1418
9.93;22.9543;13.1418
9.94;22.9543;13.1418
9.95;22.9543;13.1418
9.96;22.9543;13.1418
9.97;22.9543;13.1418
9.98;22.9543;13.1418
9.99;22.9543;13.1418
10;22.9543;13.1418
10.01;22.9543;13.1418
10.02;22.9543;13.1418
10.03;22.9543;13.1418
10.04;22.9543;13.1418
10.05;22.9543;13.1418
10.06;22.9543;13.1418
10.07;22.9543;13.1418
10.08;22.9543;13.1418
10.09;22.9543;13.1418
10.1;22.9543;13.1418
10.11;22.9543;13.1418
10.12;22.9543;13.1418
10.13;22.9543;13.1418
10.14;22.9543;13.1418
10.15;22.6736;13.3096
10.16;22.6736;13.3096
10.17;22.6736;13.3096
10.18;22.6736;13.3096
10.19;22.6736;13.3096
10.2;22.6736;13.3096
10.21;22.6736;13.3096
10.22;22.6736;13.3096
10.23;22.4754;13.3791
10.24;22.4754;13.3791
10.25;22.4754;13.3791
10.26;22.4754;13.3791
10.27;22.4754;13.3791
10.28;22.4754;13.3791
10.29;22.4754;13.3791
10.3;22.4754;13.3791
10.31;22.4754;13.3791
10.32;22.4754;13.3791
10.33;22.4754;13.3791
10.34;22.4754;13.3791
10.35;22.4754;13.3791
10.36;22.4754;13.3791
10.37;22.4754;13.3791
10.38;22.4754;13.3791
10.39;22.4754;13.3791
10.4;22.4754;13.3791
10.41;22.4754;13.3791
10.42;22.4754;13.3791
10.43;22.4754;13.3791
10.44;22.4754;13.3791
10.45;22.4754;13.3791
10.46;22.4754;13.3791
10.47;22.4754;13.3791
10.48;22.4754;13.3791
10.49;22.4754;13.3791
10.5;22.4754;13.3791
10.51;22.4754;13.3791
10.52;22.4754;13.3791
10.53;22.4754;13.3791
10.54;22.4754;13.3791
10.55;22.4754;13.3791
10.56;22.4754;13.3791
10.57;22.4754;13.3791
10.58;22.4754;13.3791
10.59;22.4754;13.3791
10.6;22.4754;13.3791
10.61;22.4754;13.3791
10.62;22.4754;13.3791
10.63;22.4754;13.3791
10.64;22.296;13.3791
10.65;22.296;13.3791
10.66;22.296;13.3791
10.67;22.296;13.3791
10.68;22.296;13.3791
10.69;22.296;13.3791
10.7;22.296;13.3791
10.71;22.296;13.3791
10.72;22.296;13.3791
10.73;22.296;13.3791
10.74;22.296;13.3791
10.75;22.296;13.3791
10.76;22.296;13.3791
10.77;22.296;13.4123
10.78;22.296;13.4123
10.79;22.296;13.4123
10.8;22.296;13.4123
10.81;22.296;13.4123
10.82;22.296;13.4123
10.83;22.296;13.4123
10.84;22.296;13.4123
10.85;22.309;13.4123
10.86;22.309;13.4123
10.87;22.309;13.6134
10.88;22.309;13.6134
10.89;22.309;13.6134
10.9;22.309;13.6134
10.91;22.309;13.6134
10.92;22.309;13.6134
10.93;22.309;13.6134
10.94;22.309;13.6134
10.95;22.309;13.6134
10.96;22.309;13.6134
10.97;22.309;13.6134
10.98;22.309;13.6134
10.99;22.309;13.6134
11;22.309;13.6134
11.01;22.309;13.6134
11.02;22.309;13.6134
11.03;22.309;13.6134
11.04;22.309;13.6134
11.05;22.309;13.6134
11.06;22.309;13.6134
11.07;22.309;13.6134
11.08;22.309;13.6134
11.09;22.309;13.6134
11.1;22.309;13.6134
11.11;22.309;13.6134
11.12;22.309;13.6134
11.13;22.309;13.6134
11.14;22.309;13.6134
11.15;22.309;13.6134
11.16;22.1282;13.6134
11.17;22.1282;13.6134
11.18;22.1282;13.6134
11.19;22.1282;13.6134
11.2;22.1282;13.6134
11.21;22.1282;13.6134
11.22;22.1282;13.6134
11.23;22.1282;13.6134
11.24;22.1282;13.6134
11.25;22.1282;13.9549
11.26;22.1282;13.9549
11.27;22.1282;13.9549
11.28;22.1282;13.9549
11.29;22.1282;13.9549
11.3;21.985;13.9549
11.31;21.985;13.9549
11.32;21.985;13.9158
11.33;21.985;13.9158
11.34;21.985;13.9158
11.35;21.985;13.9158
11.36;21.985;13.9158
11.37;21.985;13.9158
11.38;21.985;13.9158
11.39;21.985;13.9158
11.4;21.985;13.9158
11.41;21.985;13.9158
11.42;21.985;13.9158
11.43;21.985;13.9158
11.44;21.985;13.9158
11.45;21.985;13.9158
11.46;21.985;13.9158
11.47;21.985;13.9158
11.48;21.985;13.9158
11.49;21.985;13.9158
11.5;21.985;13.9158
11.51;21.985;13.9158
11.52;21.985;13.9158
11.53;21.985;13.9158
11.54;21.985;13.9158
11.55;21.985;13.9158
11.56;21.985;13.9158
11.57;21.985;13.9158
11.58;21.985;13.9158
11.59;21.985;13.9158
11.6;21.985;13.9158
11.61;21.985;13.9158
11.62;21.985;13.9158
11.63;21.985;13.9158
11.64;21.985;13.9158
11.65;21.985;13.9158
11.66;21.985;13.9158
11.67;21.985;13.9158
11.68;21.985;13.9158
11.69;21.8996;13.9823
11.7;21.8996;13.9823
11.71;21.8996;13.9823
11.72;21.8996;13.9823
11.73;21.8996;13.9823
11.74;21.8996;13.9823
11.75;21.8996;13.9823
11.76;21.8996;13.9823
11.77;21.8996;13.9823
11.78;21.8996;13.9823
11.79;21.8996;13.9823
11.8;21.8996;13.9823
11.81;21.8996;13.9823
11.82;21.8996;13.9823
11.83;21.8996;13.9823
11.84;21.8996;13.9823
11.85;21.8996;13.9823
11.86;21.8996;13.9823
11.87;21.8996;13.9823
11.88;21.8793;13.9823
11.89;21.8793;13.9823
11.9;21.8793;13.9823
11.91;21.8793;13.9823
11.92;21.8793;13.9823
11.93;21.8793;13.9823
11.94;21.8793;13.9823
11.95;21.8793;13.9823
11.96;21.8793;13.9823
11.97;21.8793;13.9823
11.98;21.8793;13.9823
11.99;21.8793;14.1299
12;21.8793;14.1299
12.01;21.8793;14.1299
12.02;21.8793;14.1299
12.03;21.8793;14.1299
12.04;21.8793;14.1299
12.05;21.8793;14.1299
12.06;21.8793;14.1299
12.07;21.8793;14.1299
12.08;21.8793;14.1299
12.09;21.8793;14.1299
12.1;21.8793;14.1299
12.11;21.8793;14.1299
12.12;21.8793;14.1299
12.13;21.8793;14.1299
12.14;21.8793;14.1299
12.15;21.6522;14.1299
12.16;21.6522;14.1299
12.17;21.6522;14.1299
12.18;21.6522;14.1299
12.19;21.6522;14.1299
12.2;21.6522;14.1299
12.21;21.6522;14.4641
12.22;21.6522;14.4641
12.23;21.6522;14.4641
12.24;21.6522;14.4641
12.25;21.6522;14.4641
12.26;21.6522;14.4641
12.27;21.6522;14.4641
12.28;21.6522;14.4641
12.29;21.6522;14.4641
12.3;21.6522;14.4641
12.31;21.6522;14.4641
12.32;21.6522;14.4641
12.33;21.6522;14.4641
12.34;21.6522;14.4641
12.35;21.6522;14.4641
12.36;21.6522;14.4641
12.37;21.6522;14.4641
12.38;21.6522;14.4641
12.39;21.6522;14.4641
12.4;21.6522;14.4641
12.41;21.6522;14.4641
12.42;21.5061;14.4641
12.43;21.5061;14.4641
12.44;21.5061;14.4641
12.45;21.5061;14.4641
12.46;21.5061;14.4641
12.47;21.5061;14.4641
12.48;21.5061;14.4178
12.49;21.5061;14.4178
12.5;21.5061;14.4178
12.51;21.5061;14.4178
12.52;21.5061;14.4178
12.53;21.5061;14.4178
12.54;21.5061;14.4178
12.55;21.5061;14.4178
12.56;21.5061;14.4178
12.57;21.5061;14.4178
12.58;21.344;14.5104
12.59;21.344;14.5104
12.6;21.344;14.5104
12.61;21.344;14.5104
12.62;21.344;14.5104
12.63;21.344;14.5104
12.64;21.344;14.5104
12.65;21.344;14.5104
12.66;21.2717;14.5104
12.67;21.2717;14.5104
12.68;21.2717;14.5104
12.69;21.2717;14.5104
12.7;21.2717;14.5104
12.71;21.2717;14.5104
12.72;21.2717;14.5104
12.73;21.2717;14.5104
12.74;21.2717;14.5104
12.75;21.2717;14.5104
12.76;21.2717;14.5104
12.77;21.2717;14.5104
12.78;21.2717;14.5104
12.79;21.2717;14.5104
12.8;21.2717;14.5104
12.81;21.2717;14.5104
12.82;21.2717;14.5104
12.83;21.2717;14.5104
12.84;21.2717;14.5104
12.85;21.2717;14.6826
12.86;21.2717;14.6826
12.87;21.2717;14.6826
12.88;21.2717;14.6826
12.89;21.2717;14.6826
12.9;21.2717;14.6826
12.91;21.2717;14.6826
12.92;21.2717;14.6826
12.93;21.2717;14.6826
12.94;21.2717;14.6826
12.95;21.2717;14.6826
12.96;21.2717;14.6826
12.97;21.2717;14.6826
12.98;21.2717;14.6826
12.99;21.2717;14.6826
13;21.2717;14.6826
13.01;21.2717;14.6826
13.02;21.2717;14.6826
13.03;21.2717;14.6826
13.04;21.2717;14.6826
13.05;21.2717;14.6826
13.06;21.2717;14.6826
13.07;21.2717;14.6826
13.08;21.2717;14.6826
13.09;21.2717;14.6826
13.1;21.2717;14.6826
13.11;21.2717;14.6826
13.12;21.2717;14.6826
13.13;21.2717;14.6826
13.14;21.2717;14.6826
13.15;21.2717;14.6826
13.16;21.2717;14.6826
13.17;21.1646;14.6826
13.18;21.1646;14.6826
13.19;21.1646;14.6826
13.2;21.1646;14.7896
13.21;21.1646;14.7896
13.22;21.1646;14.7896
13.23;21.1646;14.7896
13.24;21.1646;14.7896
13.25;21.1646;14.7896
13.26;21.033;14.9676
13.27;21.033;14.9676
13.28;21.033;14.9676
13.29;21.033;14.9676
13.3;21.033;14.9676
13.31;21.033;14.9676
13.32;21.033;14.9676
13.33;21.033;14.9676
13.34;21.033;14.9676
13.35;21.033;14.9676
13.36;21.033;14.9676
13.37;21.033;14.9676
13.38;21.033;14.9676
13.39;21.033;14.9676
13.4;21.033;14.9676
13.41;21.033;14.9676
13.42;21.033;14.9676
13.43;21.033;14.9676
13.44;21.033;14.9676
13.45;21.033;14.9676
13.46;21.033;14.9676
13.47;21.033;14.9676
13.48;21.033;14.9676
13.49;21.033;14.9676
13.5;21.033;14.9676
13.51;21.033;14.9676
13.52;21.033;14.9676
13.53;21.033;14.9676
13.54;21.033;14.9676
13.55;21.033;14.9676
13.56;21.033;14.9676
13.57;21.033;14.9676
13.58;20.8796;14.9676
13.59;20.8796;14.9676
13.6;20.8796;14.9676
13.61;20.8796;14.9676
13.62;20.8796;14.9676
13.63;20.8796;14.9676
13.64;20.8796;14.9676
13.65;20.8796;14.9676
13.66;20.8796;14.9676
13.67;20.8796;14.9676
13.68;20.8796;14.9676
13.69;20.8796;14.9676
13.7;20.8796;14.9676
13.71;20.8796;14.8605
13.72;20.8796;14.8605
13.73;20.8796;14.8605
13.74;20.8796;14.8605
13.75;20.8796;14.8605
13.76;20.8796;14.8605
13.77;20.8796;14.8605
13.78;20.8796;14.8605
13.79;20.8796;14.8605
13.8;20.8796;14.8605
13.81;20.8796;14.8605
13.82;20.8796;14.8605
13.83;20.8796;14.8605
13.84;20.8796;14.8605
13.85;20.8796;14.8605
13.86;20.8796;14.8605
13.87;20.8796;14.8605
13.88;20.8796;14.8605
13.89;20.8796;14.8605
13.9;20.8796;14.8605
13.91;20.8796;14.8605
13.92;20.7436;15.1311
13.93;20.7436;15.1311
13.94;20.7436;15.1311
13.95;20.7436;15.1311
13.96;20.7436;15.1311
13.97;20.7436;15.1311
13.98;20.7436;15.1311
13.99;20.7436;15.1311
14;20.7436;15.1311
14.01;20.7436;15.1311
14.02;20.7436;15.1311
14.03;20.7436;15.1311
14.04;20.7436;15.1311
14.05;20.7436;15.1311
14.06;20.7436;15.1311
14.07;20.7436;15.1311
14.08;20.7436;15.1311
14.09;20.7436;15.1311
14.1;20.7436;15.1311
14.11;20.7436;15.1311
14.12;20.7436;15.1311
14.13;20.7436;15.1311
14.14;20.7436;15.1311
14.15;20.7436;15.1311
14.16;20.7436;15.1311
14.17;20.7436;15.1311
14.18;20.7436;15.1311
14.19;20.7436;15.1311
14.2;20.7436;15.1311
14.21;20.7436;15.1311
14.22;20.7436;15.1311
14.23;20.7436;15.1311
14.24;20.6959;15.3206
14.25;20.6959;15.3206
14.26;20.6959;15.3206
14.27;20.5903;15.3206
14.28;20.5903;15.3206
14.29;20.5903;15.3206
14.3;20.5903;15.3206
14.31;20.5903;15.3163
14.32;20.5903;15.3163
14.33;20.5903;15.3163
14.34;20.5903;15.3163
14.35;20.5903;15.3163
14.36;20.5903;15.3163
14.37;20.5903;15.3163
14.38;20.5903;15.3163
14.39;20.5903;15.3163
14.4;20.5903;15.3163
14.41;20.5903;15.3163
14.42;20.5903;15.3163
14.43;20.5903;15.3163
14.44;20.5903;15.3163
14.45;20.5903;15.3163
14.46;20.5903;15.3163
14.47;20.5903;15.3163
14.48;20.5903;15.3163
14.49;20.5903;15.3163
14.5;20.5903;15.3163
14.51;20.5903;15.3163
14.52;20.5903;15.3163
14.53;20.5903;15.3163
14.54;20.5903;15.3163
14.55;20.5903;15.3163
14.56;20.5903;15.3163
14.57;20.5903;15.3163
14.58;20.5903;15.3163
14.59;20.5903;15.3163
14.6;20.3877;15.4175
14.61;20.3877;15.4175
14.62;20.3877;15.4175
14.63;20.3877;15.4175
14.64;20.3877;15.4175
14.65;20.3877;15.4175
14.66;20.3877;15.4175
14.67;20.3689;15.5318
14.68;20.3689;15.5318
14.69;20.3689;15.5318
14.7;20.3689;15.5318
14.71;20.3689;15.5318
14.72;20.3689;15.5318
14.73;20.3689;15.5318
14.74;20.3689;15.5318
14.75;20.3689;15.5318
14.76;20.3689;15.5318
14.77;20.3689;15.5318
14.78;20.3689;15.5318
14.79;20.3689;15.5318
14.8;20.3689;15.5318
14.81;20.3689;15.5318
14.82;20.3689;15.5318
14.83;20.3689;15.5318
14.84;20.3689;15.5318
14.85;20.3689;15.5318
14.86;20.3689;15.5318
14.87;20.3689;15.5318
14.88;20.3689;15.5318
14.89;20.3689;15.5318
14.9;20.3689;15.5318
14.91;20.3689;15.5318
14.92;20.3689;15.5318
14.93;20.3689;15.5318
14.94;20.3689;15.5318
14.95;20.3689;15.5318
14.96;20.3689;15.5318
14.97;20.3689;15.5318
14.98;20.3689;15.5318
14.99;20.3689;15.5318
15;20.3689;15.5318
15.01;20.3689;15.5318
15.02;20.3689;15.5318
15.03;20.3689;15.5318
15.04;20.3689;15.5318
15.05;20.3689;15.5318
15.06;20.1881;15.5318
15.07;20.1881;15.5318
15.08;20.1881;15.5318
15.09;20.1881;15.5318
15.1;20.1881;15.5318
15.11;20.1881;15.5318
15.12;20.1881;15.5318
15.13;20.1881;15.5318
15.14;20.1881;15.5318
15.15;20.1881;15.5318
15.16;20.1881;15.5318
15.17;20.1881;15.5318
15.18;20.1881;15.5318
15.19;20.1881;15.5318
15.2;20.1881;15.5318
15.21;20.1881;15.662
15.22;20.1881;15.662
15.23;20.1881;15.662
15.24;20.1881;15.662
15.25;20.1881;15.662
15.26;20.1881;15.662
15.27;20.1881;15.662
15.28;20.1881;15.662
15.29;20.1881;15.662
15.3;20.1881;15.662
15.31;20.1881;15.662
15.32;20.1881;15.662
15.33;20.1881;15.662
15.34;20.1881;15.662
15.35;20.1881;15.662
15.36;20.1881;15.662
15.37;20.1881;15.662
15.38;20.1881;15.662
15.39;20.1881;15.662
15.4;20.1881;15.662
15.41;20.0926;15.662
15.42;20.0926;15.662
15.43;20.0926;15.662
15.44;20.0926;15.662
15.45;20.0926;15.662
15.46;20.0926;15.8458
15.47;20.0926;15.8458
15.48;20.0926;15.8458
15.49;20.0926;15.8458
15.5;20.0926;15.8458
15.51;20.0926;15.8458
15.52;20.0289;15.7141
15.53;20.0289;15.7141
15.54;20.0289;15.7141
15.55;20.0289;15.7141
15.56;20.0289;15.7141
15.57;20.0289;15.7141
15.58;20.0289;15.7141
15.59;20.0289;15.7141
15.6;20.0289;15.7141
15.61;20.0289;15.7141
15.62;20.0289;15.7141
15.63;20.0289;15.7141
15.64;20.0289;15.7141
15.65;20.0289;15.7141
15.66;20.0289;15.7141
15.67;20.0289;15.7141
15.68;20.0289;15.7141
15.69;20.0289;15.7141
15.7;20.0289;15.7141
15.71;20.0289;15.7141
15.72;20.0289;15.7141
15.73;20.0289;15.7141
15.74;20.0289;15.7141
15.75;20.0289;15.7141
15.76;20.0289;15.7141
15.77;20.0289;15.7141
15.78;20.0289;15.7141
15.79;20.0289;15.7141
15.8;20.0289;15.7141
15.81;20.0289;15.7141
15.82;20.0289;15.7141
15.83;20.0289;15.7141
15.84;20.0289;15.7141
15.85;20.0289;15.7141
15.86;20.0289;15.7141
15.87;20.0289;15.7141
15.88;19.8756;15.7141
15.89;19.8756;15.7141
15.9;19.8756;15.7141
15.91;19.8756;15.7141
15.92;19.8756;15.9297
15.93;19.8756;15.9297
15.94;19.8756;15.9297
15.95;19.8756;15.9297
15.96;19.7873;15.9297
15.97;19.7873;15.9297
15.98;19.7873;15.9297
15.99;19.7873;16.1684
16;19.7873;16.1684
16.01;19.7873;16.1684
16.02;19.7873;16.1684
16.03;19.7873;16.1684
16.04;19.7873;16.1684
16.05;19.7873;16.1684
16.06;19.7873;16.1684
16.07;19.7873;16.1684
16.08;19.7873;16.1684
16.09;19.7873;16.1684
16.1;19.7873;16.1684
16.11;19.7873;16.1684
16.12;19.7873;16.1684
16.13;19.7873;16.1684
16.14;19.7873;16.1684
16.15;19.7295;16.1684
16.16;19.7295;16.1684
16.17;19.7295;16.1684
16.18;19.7295;16.1684
16.19;19.7295;16.1684
16.2;19.7295;16.1684
16.21;19.7295;16.1684
16.22;19.7295;16.1684
16.23;19.7295;16.1684
16.24;19.7295;16.1684
16.25;19.7295;16.1684
16.26;19.7295;16.1684
16.27;19.7295;16.1684
16.28;19.7295;16.1684
16.29;19.7295;16.1684
16.3;19.7295;16.1684
16.31;19.7295;16.1684
16.32;19.7295;16.1655
16.33;19.7295;16.1655
16.34;19.7295;16.1655
16.35;19.7295;16.1655
16.36;19.7295;16.1655
16.37;19.7295;16.1655
16.38;19.7295;16.1655
16.39;19.7295;16.1655
16.4;19.7295;16.1655
16.41;19.7295;16.1655
16.42;19.7295;16.1655
16.43;19.7295;16.1655
16.44;19.7295;16.1655
16.45;19.7295;16.1655
16.46;19.7295;16.1655
16.47;19.7295;16.1655
16.48;19.6311;16.1655
16.49;19.6311;16.1655
16.5;19.6311;16.1655
16.51;19.6311;16.1655
16.52;19.6311;16.1655
16.53;19.6311;16.1655
16.54;19.6311;16.1655
16.55;19.6311;16.1655
16.56;19.6311;16.1655
16.57;19.6311;16.1655
16.58;19.6311;16.1655
16.59;19.5674;16.2147
16.6;19.5674;16.2147
16.61;19.5674;16.2147
16.62;19.5674;16.2147
16.63;19.5674;16.2147
16.64;19.5674;16.2147
16.65;19.5674;16.2147
16.66;19.5674;16.2147
16.67;19.5674;16.2147
16.68;19.5674;16.2147
16.69;19.5674;16.2147
16.7;19.5674;16.2147
16.71;19.5674;16.2147
16.72;19.5674;16.2147
16.73;19.5674;16.2755
16.74;19.5674;16.2755
16.75;19.5674;16.2755
16.76;19.5674;16.2755
16.77;19.5674;16.2755
16.78;19.5674;16.2755
16.79;19.5674;16.2755
16.8;19.5674;16.2755
16.81;19.5674;16.2755
16.82;19.5674;16.2755
16.83;19.5674;16.2755
16.84;19.5674;16.2755
16.85;19.5674;16.2755
16.86;19.5674;16.2755
16.87;19.5674;16.2755
16.88;19.5674;16.2755
16.89;19.5674;16.2755
16.9;19.5674;16.2755
16.91;19.5674;16.2755
16.92;19.5674;16.2755
16.93;19.5674;16.2755
16.94;19.5674;16.2755
16.95;19.5674;16.2755
16.96;19.5674;16.2755
16.97;19.5674;16.2755
16.98;19.5674;16.2755
16.99;19.5674;16.2755
17;19.5674;16.2755
17.01;19.5674;16.2755
17.02;19.5674;16.2755
17.03;19.5674;16.2755
17.04;19.5674;16.2755
17.05;19.5674;16.2755
17.06;19.5674;16.2755
17.07;19.5674;16.2755
17.08;19.5674;16.2755
17.09;19.5674;16.2755
17.1;19.3953;16.2755
17.11;19.3953;16.4896
17.12;19.3953;16.4896
17.13;19.3953;16.4896
17.14;19.3953;16.4896
17.15;19.3953;16.4896
17.16;19.3953;16.4896
17.17;19.3953;16.4896
17.18;19.3953;16.4896
17.19;19.3953;16.4896
17.2;19.3953;16.4896
17.21;19.3953;16.4896
17.22;19.3953;16.4896
17.23;19.4083;16.4896
17.24;19.4083;16.4896
17.25;19.4083;16.4939
17.26;19.4083;16.4939
17.27;19.4083;16.4939
17.28;19.4083;16.4939
17.29;19.4083;16.4939
17.3;19.4083;16.4939
17.31;19.4083;16.4939
17.32;19.4083;16.4939
17.33;19.4083;16.4939
17.34;19.4083;16.4939
17.35;19.4083;16.4939
17.36;19.4083;16.4939
17.37;19.4083;16.4939
17.38;19.4083;16.4939
17.39;19.4083;16.4939
17.4;19.4083;16.4939
17.41;19.4083;16.4939
17.42;19.4083;16.4939
17.43;19.4083;16.4939
17.44;19.4083;16.4939
17.45;19.4083;16.4939
17.46;19.4083;16.4939
17.47;19.4083;16.4939
17.48;19.4083;16.4939
17.49;19.4083;16.4939
17.5;19.4083;16.4939
17.51;19.4083;16.4939
17.52;19.4083;16.4939
17.53;19.4083;16.4939
17.54;19.4083;16.4939
17.55;19.4083;16.4939
17.56;19.4083;16.4939
17.57;19.4083;16.4939
17.58;19.4083;16.4939
17.59;19.2983;16.4939
17.6;19.2983;16.4939
17.61;19.2983;16.4939
17.62;19.2983;16.4939
17.63;19.2983;16.4939
17.64;19.2983;16.4939
17.65;19.2983;16.4939
17.66;19.2983;16.4939
17.67;19.2983;16.5229
17.68;19.2983;16.5229
17.69;19.2983;16.5229
17.7;19.2983;16.5229
17.71;19.2983;16.5229
17.72;19.2983;16.5229
17.73;19.2983;16.5229
17.74;19.2983;16.5229
17.75;19.2983;16.5229
17.76;19.2983;16.5229
17.77;19.2983;16.5229
17.78;19.2983;16.5229
17.79;19.2983;16.5229
17.8;19.1652;16.5229
17.81;19.1652;16.5229
17.82;19.1652;16.5229
17.83;19.1652;16.5229
17.84;19.1652;16.5229
17.85;19.1652;16.5923
17.86;19.1652;16.5923
17.87;19.1652;16.5923
17.88;19.1652;16.5923
17.89;19.1652;16.5923
17.9;19.1652;16.5923
17.91;19.1652;16.5923
17.92;19.1652;16.5923
17.93;19.1652;16.5923
17.94;19.1652;16.5923
17.95;19.1652;16.5923
17.96;19.1652;16.5923
17.97;19.1652;16.5923
17.98;19.1652;16.5923
17.99;19.1652;16.5923
18;19.1652;16.5923
18.01;19.1652;16.5923
18.02;19.1652;16.5923
18.03;19.1652;16.5923
18.04;19.1652;16.5923
18.05;19.09;16.5923
18.06;19.09;16.5923
18.07;19.09;16.5923
18.08;19.09;16.5923
18.09;19.09;16.5923
18.1;19.09;16.5923
18.11;19.09;16.5923
18.12;19.09;16.5923
18.13;19.09;16.5923
18.14;19.09;16.5923
18.15;19.09;16.5923
18.16;19.09;16.7963
18.17;19.09;16.7963
18.18;19.09;16.7963
18.19;19.09;16.7963
18.2;19.09;16.7963
18.21;19.09;16.7963
18.22;19.09;16.7963
18.23;19.09;16.7963
18.24;19.09;16.7963
18.25;19.09;16.7963
18.26;19.09;16.7963
18.27;19.09;16.7963
18.28;19.09;16.7963
18.29;19.09;16.7963
18.3;19.09;16.7963
18.31;19.0813;16.7963
18.32;19.0813;16.7963
18.33;19.0813;16.7963
18.34;19.0813;16.7963
18.35;19.0813;16.7963
18.36;19.0813;16.7963
18.37;19.0813;16.7963
18.38;19.0813;16.7963
18.39;19.0813;16.7963
18.4;19.0813;16.7963
18.41;19.0813;16.7963
18.42;19.0307;16.7963
18.43;19.0307;16.7963
18.44;19.0307;16.7963
18.45;19.0307;16.7963
18.46;19.0307;16.7963
18.47;19.0307;16.7963
18.48;19.0307;16.7963
18.49;19.0307;16.7963
18.5;19.0307;16.7963
18.51;19.0307;16.7963
18.52;19.0307;16.7963
18.53;19.0307;16.7963
18.54;19.0307;16.7963
18.55;19.0307;16.7963
18.56;19.0307;16.7963
18.57;19.0307;16.805
18.58;19.0307;16.805
18.59;19.0307;16.805
18.6;19.0307;16.805
18.61;19.0307;16.805
18.62;19.0307;16.805
18.63;19.0307;16.805
18.64;19.0307;16.805
18.65;19.0307;16.805
18.66;19.0307;16.805
18.67;19.0307;16.805
18.68;19.0307;16.805
18.69;19.0307;16.805
18.7;19.0307;16.805
18.71;19.0307;16.805
18.72;19.0307;16.805
18.73;19.0307;16.805
18.74;19.0307;16.805
18.75;19.0307;16.805
18.76;19.0307;16.805
18.77;19.0307;16.805
18.78;19.0307;16.805
18.79;18.941;16.8759
18.8;18.941;16.8759
18.81;18.941;16.8759
18.82;18.941;16.8759
18.83;18.941;16.8759
18.84;18.941;16.8759
18.85;18.941;16.8759
18.86;18.7703;16.8759
18.87;18.7703;16.8759
18.88;18.7703;16.8759
18.89;18.7703;16.8759
18.9;18.7703;16.8759
18.91;18.7703;17.0683
18.92;18.7703;17.0683
18.93;18.7703;17.0683
18.94;18.7703;17.0683
18.95;18.7703;17.0683
18.96;18.7703;17.0683
18.97;18.7703;17.0683
18.98;18.7703;17.0683
18.99;18.7703;17.0683
19;18.7703;17.0683
19.01;18.7703;17.0683
19.02;18.7703;17.0683
19.03;18.7703;17.0683
19.04;18.7703;17.0683
19.05;18.7703;17.0683
19.06;18.7703;17.0683
19.07;18.7703;17.0683
19.08;18.7703;17.0683
19.09;18.7703;17.0683
19.1;18.7703;17.0683
19.11;18.7703;17.0683
19.12;18.7703;17.0683
19.13;18.7703;17.0683
19.14;18.7703;17.0683
19.15;18.7703;17.0683
19.16;18.7703;17.0683
19.17;18.7703;17.0683
19.18;18.7703;17.0683
19.19;18.7703;17.0683
19.2;18.7703;17.0683
19.21;18.7703;17.0683
19.22;18.7703;17.0683
19.23;18.7703;17.0683
19.24;18.7703;17.0683
19.25;18.7703;17.0683
19.26;18.7703;17.0683
19.27;18.7703;17.0683
19.28;18.7703;17.0683
19.29;18.7703;17.0683
19.3;18.7703;17.0683
19.31;18.7703;17.0683
19.32;18.7703;17.0683
19.33;18.7703;17.0683
19.34;18.7703;17.0987
19.35;18.7703;17.0987
19.36;18.7703;17.0987
19.37;18.7703;17.0987
19.38;18.7703;17.0987
19.39;18.7703;17.0987
19.4;18.7703;17.0987
19.41;18.7703;17.0987
19.42;18.7703;17.0987
19.43;18.7703;17.0987
19.44;18.7703;17.0987
19.45;18.7703;17.0987
19.46;18.7428;17.0987
19.47;18.7428;17.0987
19.48;18.7428;17.0987
19.49;18.7428;17.0987
19.5;18.7428;17.0987
19.51;18.7428;17.0987
19.52;18.7428;17.0582
19.53;18.7428;17.0582
19.54;18.7428;17.0582
19.55;18.7428;17.0582
19.56;18.7428;17.0582
19.57;18.7428;17.0582
19.58;18.7428;17.0582
19.59;18.7428;17.0582
19.6;18.7428;17.0582
19.61;18.7428;17.0582
19.62;18.7428;17.0582
19.63;18.7428;17.0582
19.64;18.7428;17.0582
19.65;18.7428;17.0582
19.66;18.7428;17.0582
19.67;18.7428;17.0582
19.68;18.7428;17.0582
19.69;18.7428;17.0582
19.7;18.7428;17.0582
19.71;18.7428;17.0582
19.72;18.7428;17.0582
19.73;18.7428;17.0582
19.74;18.7428;17.0582
19.75;18.7428;17.0582
19.76;18.7428;17.0582
19.77;18.7428;17.0582
19.78;18.7428;17.0582
19.79;18.7428;17.0582
19.8;18.7428;17.0582
19.81;18.7428;17.0582
19.82;18.7428;17.0582
19.83;18.7037;17.0582
19.84;18.7037;17.0582
19.85;18.7037;17.0582
19.86;18.7037;17.0582
19.87;18.7037;17.0582
19.88;18.7037;17.0582
19.89;18.7037;17.103
19.9;18.7037;17.103
19.91;18.7037;17.103
19.92;18.7037;17.103
19.93;18.7037;17.103
19.94;18.7037;17.103
19.95;18.7037;17.103
19.96;18.7037;17.103
19.97;18.7037;17.103
19.98;18.7037;17.103
19.99;18.7037;17.103
20;18.7037;17.103
20.01;18.7037;17.103
20.02;18.7037;17.103
20.03;18.7037;17.103
20.04;18.7037;17.103
20.05;18.7037;17.103
20.06;18.7037;17.103
20.07;18.7037;17.103
20.08;18.6661;17.103
20.09;18.6661;17.103
20.1;18.6661;17.103
20.11;18.6661;17.103
20.12;18.6661;17.103
20.13;18.6661;17.103
20.14;18.6661;17.2723
20.15;18.6661;17.2723
20.16;18.6661;17.2723
20.17;18.6661;17.2723
20.18;18.6661;17.2723
20.19;18.6661;17.2723
20.2;18.6661;17.2723
20.21;18.6661;17.2723
20.22;18.6661;17.2723
20.23;18.6661;17.2723
20.24;18.6661;17.2723
20.25;18.6661;17.2723
20.26;18.6661;17.2723
20.27;18.6661;17.2723
20.28;18.6661;17.2723
20.29;18.6661;17.2723
20.3;18.6661;17.2723
20.31;18.6661;17.2723
20.32;18.588;17.2723
20.33;18.588;17.2723
20.34;18.588;17.2723
20.35;18.588;17.2723
20.36;18.588;17.2723
20.37;18.588;17.2723
20.38;18.588;17.3562
20.39;18.588;17.3562
20.4;18.588;17.3562
20.41;18.588;17.3562
20.42;18.588;17.3562
20.43;18.588;17.3562
20.44;18.588;17.3562
20.45;18.588;17.3562
20.46;18.588;17.3562
20.47;18.588;17.3562
20.48;18.588;17.3562
20.49;18.588;17.3562
20.5;18.588;17.3562
20.51;18.588;17.3562
20.52;18.588;17.3562
20.53;18.588;17.3562
20.54;18.588;17.3562
20.55;18.588;17.3562
20.56;18.588;17.3562
20.57;18.4968;17.3562
20.58;18.4968;17.3562
20.59;18.4968;17.3562
20.6;18.4968;17.3562
20.61;18.4968;17.3562
20.62;18.4968;17.3562
20.63;18.4968;17.2578
20.64;18.4968;17.2578
20.65;18.4968;17.2578
20.66;18.4968;17.2578
20.67;18.4968;17.2578
20.68;18.4968;17.2578
20.69;18.4968;17.2578
20.7;18.4968;17.2578
20.71;18.4968;17.2578
20.72;18.4968;17.2578
20.73;18.4968;17.2578
20.74;18.4968;17.2578
20.75;18.4968;17.2578
20.76;18.4968;17.2578
20.77;18.4968;17.2578
20.78;18.4968;17.2578
20.79;18.4968;17.2578
20.8;18.4968;17.2578
20.81;18.4968;17.2578
20.82;18.452;17.2578
20.83;18.452;17.2578
20.84;18.452;17.2578
20.85;18.452;17.2578
20.86;18.452;17.2578
20.87;18.452;17.2578
20.88;18.452;17.2824
20.89;18.452;17.2824
20.9;18.452;17.2824
20.91;18.452;17.2824
20.92;18.452;17.2824
20.93;18.452;17.2824
20.94;18.452;17.2824
20.95;18.452;17.2824
20.96;18.452;17.2824
20.97;18.452;17.2824
20.98;18.452;17.2824
20.99;18.452;17.2824
21;18.452;17.2824
21.01;18.452;17.2824
21.02;18.452;17.2824
21.03;18.452;17.2824
21.04;18.452;17.2824
21.05;18.452;17.2824
21.06;18.452;17.2824
21.07;18.4332;17.2824
21.08;18.4332;17.2824
21.09;18.4332;17.2824
21.1;18.4332;17.2824
21.11;18.4332;17.2824
21.12;18.4332;17.2824
21.13;18.4332;17.3924
21.14;18.4332;17.3924
21.15;18.4332;17.3924
21.16;18.4332;17.3924
21.17;18.4332;17.3924
21.18;18.4332;17.3924
21.19;18.4332;17.3924
21.2;18.4332;17.3924
21.21;18.4332;17.3924
21.22;18.4332;17.3924
21.23;18.4332;17.3924
21.24;18.4332;17.3924
21.25;18.4332;17.3924
21.26;18.4332;17.3924
21.27;18.4332;17.3924
21.28;18.4332;17.3924
21.29;18.4332;17.3924
21.3;18.4332;17.3924
21.31;18.4332;17.3924
21.32;18.3999;17.3924
21.33;18.3999;17.3924
21.34;18.3999;17.3924
21.35;18.3999;17.3924
21.36;18.3999;17.3924
21.37;18.3999;17.3924
21.38;18.3999;17.456
21.39;18.3999;17.456
21.4;18.3999;17.456
21.41;18.3999;17.456
21.42;18.3999;17.456
21.43;18.3999;17.456
21.44;18.3999;17.456
21.45;18.3999;17.456
21.46;18.3999;17.456
21.47;18.3999;17.456
21.48;18.3999;17.456
21.49;18.3999;17.456
21.5;18.3999;17.456
21.51;18.3999;17.456
21.52;18.3999;17.456
21.53;18.3999;17.456
21.54;18.3999;17.456
21.55;18.3999;17.456
21.56;18.3999;17.456
21.57;18.3999;17.456
21.58;18.3999;17.456
21.59;18.3999;17.456
21.6;18.3999;17.456
21.61;18.3927;17.456
21.62;18.3927;17.456
21.63;18.3927;17.456
21.64;18.3927;17.4604
21.65;18.3927;17.4604
21.66;18.3927;17.4604
21.67;18.3927;17.4604
21.68;18.3927;17.4604
21.69;18.3927;17.4604
21.7;18.3927;17.4604
21.71;18.3927;17.4604
21.72;18.3927;17.4604
21.73;18.3927;17.4604
21.74;18.3927;17.4604
21.75;18.3927;17.4604
21.76;18.3927;17.4604
21.77;18.3927;17.4604
21.78;18.3927;17.4604
21.79;18.3927;17.4604
21.8;18.3927;17.4604
21.81;18.3927;17.4604
21.82;18.3927;17.4604
21.83;18.3927;17.4604
21.84;18.3927;17.4604
21.85;18.3927;17.4604
21.86;18.3927;17.4604
21.87;18.3883;17.4604
21.88;18.3883;17.4604
21.89;18.3883;17.4604
21.9;18.3883;17.4604
21.91;18.3883;17.4604
21.92;18.3883;17.4604
21.93;18.3883;17.4821
21.94;18.3883;17.4821
21.95;18.3883;17.4821
21.96;18.3883;17.4821
21.97;18.3883;17.4821
21.98;18.3883;17.4821
21.99;18.3883;17.4821
22;18.3883;17.4821
22.01;18.3883;17.4821
22.02;18.3883;17.4821
22.03;18.3883;17.4821
22.04;18.3883;17.4821
22.05;18.3883;17.4821
22.06;18.3883;17.4821
22.07;18.3883;17.4821
22.08;18.3883;17.4821
22.09;18.3883;17.4821
22.1;18.3883;17.4821
22.11;18.3883;17.4821
22.12;18.3348;17.4821
22.13;18.3348;17.4821
22.14;18.3348;17.4821
22.15;18.3348;17.4821
22.16;18.3348;17.4821
22.17;18.3348;17.4821
22.18;18.3348;17.6716
22.19;18.3348;17.6716
22.2;18.3348;17.6716
22.21;18.3348;17.6716
22.22;18.3348;17.6716
22.23;18.3348;17.6716
22.24;18.3348;17.6716
22.25;18.3348;17.6716
22.26;18.3348;17.6716
22.27;18.3348;17.6716
22.28;18.3348;17.6716
22.29;18.3348;17.6716
22.3;18.3348;17.6716
22.31;18.3348;17.6716
22.32;18.3348;17.6716
22.33;18.3348;17.6716
22.34;18.3348;17.6716
22.35;18.3348;17.6716
22.36;18.3116;17.6716
22.37;18.3116;17.6716
22.38;18.3116;17.6716
22.39;18.3116;17.6716
22.4;18.3116;17.6716
22.41;18.3116;17.6716
22.42;18.3116;17.6817
22.43;18.3116;17.6817
22.44;18.3116;17.6817
22.45;18.3116;17.6817
22.46;18.3116;17.6817
22.47;18.3116;17.6817
22.48;18.3116;17.6817
22.49;18.3116;17.6817
22.5;18.3116;17.6817
22.51;18.3116;17.6817
22.52;18.3116;17.6817
22.53;18.3116;17.6817
22.54;18.3116;17.6817
22.55;18.3116;17.6817
22.56;18.3116;17.6817
22.57;18.3116;17.6817
22.58;18.3116;17.6817
22.59;18.3116;17.6817
22.6;18.3116;17.6817
22.61;18.3116;17.6817
22.62;18.3116;17.6817
22.63;18.3116;17.6817
22.64;18.3116;17.6817
22.65;18.2133;17.5703
22.66;18.2133;17.5703
22.67;18.2133;17.5703
22.68;18.2133;17.5703
22.69;18.2133;17.5703
22.7;18.2133;17.5703
22.71;18.2133;17.5703
22.72;18.2133;17.5703
22.73;18.2133;17.5703
22.74;18.2133;17.5703
22.75;18.2133;17.5703
22.76;18.2133;17.5703
22.77;18.2133;17.5703
22.78;18.2133;17.5703
22.79;18.2133;17.5703
22.8;18.2133;17.5703
22.81;18.2133;17.5703
22.82;18.2133;17.5703
22.83;18.2133;17.5703
22.84;18.2133;17.5703
22.85;18.2133;17.5703
22.86;18.2133;17.5703
22.87;18.1467;17.5703
22.88;18.1467;17.5703
22.89;18.1467;17.5703
22.9;18.1467;17.5703
22.91;18.1467;17.5703
22.92;18.1467;17.5703
22.93;18.1467;17.5703
22.94;18.1467;17.5703
22.95;18.1467;17.5703
22.96;18.1467;17.5703
22.97;18.1467;17.5703
22.98;18.1467;17.5703
22.99;18.1467;17.5703
23;18.1467;17.5703
23.01;18.1467;17.6933
23.02;18.1467;17.6933
23.03;18.1467;17.6933
23.04;18.1467;17.6933
23.05;18.1467;17.6933
23.06;18.1467;17.6933
23.07;18.1467;17.6933
23.08;18.1467;17.6933
23.09;18.1467;17.6933
23.1;18.1467;17.6933
23.11;18.1467;17.6933
23.12;18.1467;17.6933
23.13;18.1467;17.6933
23.14;18.1467;17.6933
23.15;18.1467;17.6933
23.16;18.1467;17.6933
23.17;18.1467;17.6933
23.18;18.1467;17.6933
23.19;18.0874;17.6933
23.2;18.0874;17.6933
23.21;18.0874;17.6933
23.22;18.0874;17.6991
23.23;18.0874;17.6991
23.24;18.0874;17.6991
23.25;18.0874;17.6991
23.26;18.0874;17.6991
23.27;18.0874;17.6991
23.28;18.0874;17.6991
23.29;18.0874;17.6991
23.3;18.0874;17.6991
23.31;18.0874;17.6991
23.32;18.0874;17.6991
23.33;18.0874;17.6991
23.34;18.0874;17.6991
23.35;18.0874;17.6991
23.36;18.0874;17.6991
23.37;18.0874;17.6991
23.38;18.0874;17.6991
23.39;18.0874;17.6991
23.4;18.0874;17.6991
23.41;18.0874;17.6991
23.42;18.0845;17.6991
23.43;18.0845;17.6991
23.44;18.0845;17.6991
23.45;18.0845;17.6991
23.46;18.0845;17.6991
23.47;18.0845;17.6991
23.48;18.0845;17.6991
23.49;18.0845;17.6991
23.5;18.0845;17.6991
23.51;18.0845;17.6991
23.52;18.0845;17.6991
23.53;18.0845;17.6991
23.54;18.0845;17.6991
23.55;18.0845;17.6991
23.56;18.0845;17.6991
23.57;18.0845;17.6991
23.58;18.0845;17.6991
23.59;18.0845;17.6774
23.6;18.0845;17.6774
23.61;18.0845;17.6774
23.62;18.0845;17.6774
23.63;18.0845;17.6774
23.64;18.0845;17.6774
23.65;18.0845;17.6774
23.66;18.083;17.6774
23.67;18.083;17.6774
23.68;18.083;17.6774
23.69;18.083;17.6774
23.7;18.083;17.6383
23.71;18.083;17.6383
23.72;18.083;17.6383
23.73;18.083;17.6383
23.74;18.083;17.6383
23.75;18.083;17.6383
23.76;18.083;17.6383
23.77;18.083;17.6383
23.78;18.083;17.6383
23.79;18.083;17.6383
23.8;18.083;17.6383
23.81;18.083;17.6383
23.82;18.083;17.6383
23.83;18.083;17.6383
23.84;18.083;17.6383
23.85;18.083;17.6383
23.86;18.083;17.6383
23.87;18.083;17.6383
23.88;18.083;17.6383
23.89;18.083;17.6383
23.9;18.083;17.6383
23.91;18.083;17.6383
23.92;18.083;17.6383
23.93;18.083;17.6383
23.94;18.083;17.6383
23.95;18.083;17.6383
23.96;18.083;17.6383
23.97;18.083;17.6383
23.98;18.083;17.6383
23.99;18.083;17.6383
24;18.083;17.6383
24.01;18.0888;17.6383
24.02;18.0888;17.6383
24.03;18.0888;17.6383
24.04;18.0888;17.6383
24.05;18.0888;17.6383
24.06;18.0888;17.6383
24.07;18.0888;17.6383
24.08;18.0888;17.6383
24.09;18.0888;17.6383
24.1;18.0888;17.6383
24.11;18.0888;17.6383
24.12;18.0888;17.6383
24.13;18.0888;17.6383
24.14;18.0888;17.6383
24.15;18.0888;17.6383
24.16;18.0888;17.6383
24.17;18.0888;17.6383
24.18;18.0888;17.7627
24.19;18.0888;17.7627
24.2;18.0888;17.7627
24.21;18.0888;17.7627
24.22;18.0888;17.7627
24.23;18.0888;17.7627
24.24;18.0888;17.7627
24.25;18.0888;17.7627
24.26;18.0859;17.7627
24.27;18.0859;17.7627
24.28;18.0859;17.7627
24.29;18.0859;17.7844
24.3;18.0859;17.7844
24.31;18.0859;17.7844
24.32;18.0859;17.7844
24.33;18.0859;17.7844
24.34;18.0859;17.7844
24.35;18.0859;17.7844
24.36;18.0859;17.7844
24.37;18.0859;17.7844
24.38;18.0859;17.7844
24.39;18.0859;17.7844
24.4;18.0859;17.7844
24.41;18.0859;17.7844
24.42;18.0859;17.7844
24.43;18.0859;17.7844
24.44;18.0859;17.7844
24.45;18.0859;17.7844
24.46;18.0859;17.7844
24.47;18.0859;17.7844
24.48;18.0859;17.7844
24.49;18.0859;17.7844
24.5;18.0859;17.7844
24.51;18.0859;17.7844
24.52;18.0859;17.7844
24.53;18.0859;17.7844
24.54;18.0859;17.7844
24.55;18.0859;17.7844
24.56;18.0816;17.7844
24.57;18.0816;17.7844
24.58;18.0816;17.7844
24.59;18.0816;17.7844
24.6;18.0816;17.7844
24.61;18.0816;17.7642
24.62;18.0816;17.7642
24.63;18.0816;17.7642
24.64;18.0816;17.7642
24.65;18.0816;17.7642
24.66;18.0816;17.7642
24.67;18.0816;17.7642
24.68;18.0816;17.7642
24.69;18.0816;17.7642
24.7;18.0816;17.7642
24.71;18.0816;17.7642
24.72;18.0816;17.7642
24.73;18.0816;17.7642
24.74;18.0816;17.7642
24.75;18.0816;17.7642
24.76;18.0816;17.7642
24.77;18.0816;17.7642
24.78;18.0816;17.7642
24.79;18.0816;17.7642
24.8;18.0816;17.7642
24.81;18.0816;17.7642
24.82;18.0816;17.7338
24.83;18.0816;17.7338
24.84;18.0816;17.7338
24.85;18.0816;17.7338
24.86;18.0816;17.7338
24.87;18.0816;17.7338
24.88;18.0816;17.7338
24.89;18.0816;17.7338
24.9;18.0816;17.7338
24.91;18.0816;17.7338
24.92;18.0816;17.7338
24.93;18.0816;17.7338
24.94;18.0816;17.7338
24.95;18.0816;17.7338
24.96;18.0816;17.7338
24.97;18.0816;17.7338
24.98;18.0816;17.7338
24.99;18.0816;17.7338
25;18.0816;17.7338
25.01;18.0816;17.7338
25.02;18.0816;17.7338
25.03;18.0816;17.7338
25.04;18.0816;17.7338
25.05;18.0816;17.7338
25.06;18.0816;17.7338
25.07;18.0917;17.7338
25.08;18.0917;17.7338
25.09;18.0917;17.7338
25.1;18.0917;17.7873
25.11;18.0917;17.7873
25.12;18.0917;17.7873
25.13;18.0917;17.7873
25.14;18.0917;17.7873
25.15;18.0917;17.7873
25.16;18.0917;17.7873
25.17;18.0917;17.7873
25.18;18.0917;17.7873
25.19;18.0917;17.7873
25.2;18.0917;17.7873
25.21;18.0917;17.7873
25.22;18.0917;17.7873
25.23;18.0917;17.7873
25.24;18.0917;17.7873
25.25;18.0917;17.7873
25.26;18.0917;17.7873
25.27;18.0917;17.7873
25.28;18.0917;17.7873
25.29;18.0917;17.7873
25.3;18.0917;17.7873
25.31;18.0917;17.7873
25.32;18.0816;17.7873
25.33;18.0816;17.7873
25.34;18.0816;17.7873
25.35;18.0816;17.7873
25.36;18.0816;17.7873
25.37;18.0816;17.7873
25.38;18.0816;17.7873
25.39;18.0816;17.7873
25.4;18.0816;17.7873
25.41;18.0816;17.7873
25.42;18.0816;17.7873
25.43;18.0816;17.7873
25.44;18.0816;17.7873
25.45;18.0816;17.7714
25.46;18.0816;17.7714
25.47;18.0816;17.7714
25.48;18.0816;17.7714
25.49;18.0816;17.7714
25.5;18.0816;17.7714
25.51;18.0816;17.7714
25.52;18.0816;17.7714
25.53;18.0816;17.7714
25.54;18.0816;17.7714
25.55;18.0888;17.7671
25.56;18.0888;17.7671
25.57;18.0888;17.7671
25.58;18.0888;17.7671
25.59;18.0888;17.7671
25.6;18.0888;17.7671
25.61;18.0888;17.7671
25.62;18.0888;17.7671
25.63;18.0888;17.7671
25.64;18.0888;17.7671
25.65;18.0888;17.7671
25.66;18.0888;17.7671
25.67;18.0888;17.7671
25.68;18.0888;17.7671
25.69;18.0888;17.7671
25.7;18.0888;17.7671
25.71;18.0888;17.7671
25.72;18.0888;17.7671
25.73;18.0888;17.7671
25.74;18.0888;17.7671
25.75;18.0888;17.7671
25.76;18.0888;17.7671
25.77;18.0888;17.7671
25.78;18.0888;17.7671
25.79;18.0888;17.7671
25.8;18.0888;17.7671
25.81;18.083;17.7323
25.82;18.083;17.7323
25.83;18.083;17.7323
25.84;18.083;17.7323
25.85;18.083;17.7323
25.86;18.083;17.7323
25.87;18.083;17.7323
25.88;18.083;17.7323
25.89;18.083;17.7323
25.9;18.083;17.7323
25.91;18.083;17.7323
25.92;18.083;17.7323
25.93;18.083;17.7323
25.94;18.083;17.7323
25.95;18.083;17.7323
25.96;18.0917;17.7323
25.97;18.0917;17.7323
25.98;18.0917;17.7323
25.99;18.0917;17.7323
26;18.0917;17.7323
26.01;18.0917;17.7323
26.02;18.0917;17.7323
26.03;18.0917;17.7323
26.04;18.0917;17.7323
26.05;18.0917;17.7323
26.06;18.0917;17.7323
26.07;18.0917;17.7323
26.08;18.0917;17.7323
26.09;18.0917;17.7627
26.1;18.0917;17.7627
26.11;18.0917;17.7627
26.12;18.0917;17.7627
26.13;18.0917;17.7627
26.14;18.0917;17.7627
26.15;18.0917;17.7627
26.16;18.0917;17.7627
26.17;18.0917;17.7627
26.18;18.0917;17.7627
26.19;18.0917;17.7627
26.2;18.0917;17.7627
26.21;18.0917;17.7627
26.22;18.0917;17.7627
26.23;18.0917;17.7627
26.24;18.0917;17.7627
26.25;18.0917;17.7627
26.26;18.0917;17.7627
26.27;18.0917;17.7627
26.28;18.1134;17.7627
26.29;18.1134;17.7627
26.3;18.1134;17.7627
26.31;18.1134;17.7627
26.32;18.1134;17.7627
26.33;18.1134;17.7627
26.34;18.1134;17.8307
26.35;18.1134;17.8307
26.36;18.1134;17.8307
26.37;18.1134;17.8307
26.38;18.1134;17.8307
26.39;18.1134;17.8307
26.4;18.1134;17.8307
26.41;18.1134;17.8307
26.42;18.1134;17.8307
26.43;18.1134;17.8307
26.44;18.1134;17.8307
26.45;18.1134;17.8307
26.46;18.1134;17.8307
26.47;18.1134;17.8307
26.48;18.1134;17.8307
26.49;18.1134;17.8307
26.5;18.1134;17.8307
26.51;18.1134;17.8307
26.52;18.1062;17.8307
26.53;18.1062;17.8307
26.54;18.1062;17.8307
26.55;18.1062;17.8307
26.56;18.1062;17.8307
26.57;18.1062;17.8307
26.58;18.1062;17.8307
26.59;18.1062;17.77
26.6;18.1062;17.77
26.61;18.1062;17.77
26.62;18.1062;17.77
26.63;18.1062;17.77
26.64;18.1062;17.77
26.65;18.1062;17.77
26.66;18.1062;17.77
26.67;18.1062;17.77
26.68;18.1062;17.77
26.69;18.1062;17.77
26.7;18.1062;17.77
26.71;18.1062;17.77
26.72;18.1062;17.77
26.73;18.1062;17.77
26.74;18.1062;17.77
26.75;18.0787;17.77
26.76;18.0787;17.77
26.77;18.0787;17.77
26.78;18.0787;17.77
26.79;18.0787;17.77
26.8;18.0787;17.77
26.81;18.0787;17.77
26.82;18.0787;17.728
26.83;18.0787;17.728
26.84;18.0787;17.728
26.85;18.0787;17.728
26.86;18.0787;17.728
26.87;18.0787;17.728
26.88;18.0787;17.728
26.89;18.0787;17.728
26.9;18.0787;17.728
26.91;18.0787;17.728
26.92;18.0787;17.728
26.93;18.0787;17.728
26.94;18.0787;17.728
26.95;18.0787;17.728
26.96;18.0787;17.728
26.97;18.0787;17.728
26.98;18.0787;17.728
26.99;18.0787;17.728
27;18.1264;17.728
27.01;18.1264;17.728
27.02;18.1264;17.728
27.03;18.1264;17.728
27.04;18.1264;17.728
27.05;18.1264;17.728
27.06;18.1264;17.7801
27.07;18.1264;17.7801
27.08;18.1264;17.7801
27.09;18.1264;17.7801
27.1;18.1264;17.7801
27.11;18.1264;17.7801
27.12;18.1264;17.7801
27.13;18.1264;17.7801
27.14;18.1264;17.7801
27.15;18.1264;17.7801
27.16;18.1264;17.7801
27.17;18.1264;17.7801
27.18;18.1264;17.7801
27.19;18.1264;17.7801
27.2;18.1264;17.7801
27.21;18.1264;17.7801
27.22;18.1264;17.7801
27.23;18.1264;17.7801
27.24;18.0888;17.7801
27.25;18.0888;17.7801
27.26;18.0888;17.7801
27.27;18.0888;17.7801
27.28;18.0888;17.7801
27.29;18.0888;17.7801
27.3;18.0888;17.7772
27.31;18.0888;17.7772
27.32;18.0888;17.7772
27.33;18.0888;17.7772
27.34;18.0888;17.7772
27.35;18.0888;17.7772
27.36;18.0888;17.7772
27.37;18.0888;17.7772
27.38;18.0888;17.7772
27.39;18.0888;17.7772
27.4;18.0888;17.7772
27.41;18.0888;17.7772
27.42;18.0888;17.7772
27.43;18.0888;17.7772
27.44;18.0888;17.7772
27.45;18.0888;17.7772
27.46;18.0888;17.7772
27.47;18.0888;17.7772
27.48;18.0888;17.7772
27.49;18.0932;17.7772
27.5;18.0932;17.7772
27.51;18.0932;17.7772
27.52;18.0932;17.7772
27.53;18.0932;17.7772
27.54;18.0932;17.7772
27.55;18.0932;17.7758
27.56;18.0932;17.7758
27.57;18.0932;17.7758
27.58;18.0932;17.7758
27.59;18.0932;17.7758
27.6;18.0932;17.7758
27.61;18.0932;17.7758
27.62;18.0932;17.7758
27.63;18.0932;17.7758
27.64;18.0932;17.7758
27.65;18.0932;17.7758
27.66;18.0932;17.7758
27.67;18.0932;17.7758
27.68;18.0932;17.7758
27.69;18.0932;17.7758
27.7;18.0932;17.7758
27.71;18.0932;17.7758
27.72;18.0932;17.7758
27.73;18.0932;17.7758
27.74;18.0932;17.7758
27.75;18.0932;17.7758
27.76;18.0816;17.7309
27.77;18.0816;17.7309
27.78;18.0932;17.7309
27.79;18.0932;17.7309
27.8;18.0932;17.7309
27.81;18.0932;17.7309
27.82;18.0932;17.7309
27.83;18.0932;17.7309
27.84;18.0932;17.7309
27.85;18.0932;17.7309
27.86;18.0932;17.7309
27.87;18.0932;17.7309
27.88;18.0932;17.7309
27.89;18.0932;17.7309
27.9;18.0932;17.7309
27.91;18.0932;17.7309
27.92;18.0932;17.7309
27.93;18.0932;17.7309
27.94;18.0932;17.7309
27.95;18.0932;17.7309
27.96;18.0932;17.7309
27.97;18.0932;17.7671
27.98;18.0932;17.7671
27.99;18.0932;17.7671
28;18.0932;17.7671
28.01;18.0932;17.7671
28.02;18.0932;17.7671
28.03;18.0932;17.7671
28.04;18.0932;17.7671
28.05;18.0932;17.7671
28.06;18.0932;17.7671
28.07;18.0932;17.7671
28.08;18.0932;17.7671
28.09;18.0932;17.7671
28.1;18.0932;17.7671
28.11;18.0932;17.7671
28.12;18.0932;17.7671
28.13;18.0932;17.7671
28.14;18.0932;17.7671
28.15;18.0932;17.7671
28.16;18.0932;17.7671
28.17;18.1149;17.7671
28.18;18.1149;17.7671
28.19;18.1149;17.7671
28.2;18.1149;17.7671
28.21;18.1149;17.7671
28.22;18.1149;17.7671
28.23;18.1149;17.7671
28.24;18.1149;17.7671
28.25;18.1149;17.7671
28.26;18.1149;17.7671
28.27;18.1149;17.7671
28.28;18.1149;17.7786
28.29;18.1149;17.7786
28.3;18.1149;17.7786
28.31;18.1149;17.7786
28.32;18.1149;17.7786
28.33;18.1149;17.7786
28.34;18.1149;17.7786
28.35;18.1149;17.7786
28.36;18.1149;17.7786
28.37;18.1149;17.7786
28.38;18.1149;17.7786
28.39;18.1149;17.7786
28.4;18.1149;17.7786
28.41;18.1149;17.7786
28.42;18.1149;17.7786
28.43;18.1149;17.7786
28.44;18.1149;17.7786
28.45;18.1149;17.7786
28.46;18.1149;17.7786
28.47;18.1149;17.7786
28.48;18.1091;17.7786
28.49;18.1091;17.7786
28.5;18.1091;17.7786
28.51;18.1091;17.7786
28.52;18.1091;17.7786
28.53;18.1091;17.7786
28.54;18.1091;17.7743
28.55;18.1091;17.7743
28.56;18.1091;17.7743
28.57;18.1091;17.7743
28.58;18.1091;17.7743
28.59;18.1091;17.7743
28.6;18.1091;17.7743
28.61;18.1091;17.7743
28.62;18.1091;17.7743
28.63;18.1091;17.7743
28.64;18.1091;17.7743
28.65;18.1091;17.7743
28.66;18.1091;17.7743
28.67;18.1091;17.7743
28.68;18.1091;17.7743
28.69;18.1091;17.7743
28.7;18.1091;17.7743
28.71;18.1091;17.7743
28.72;18.1091;17.7743
28.73;18.0802;17.7743
28.74;18.0802;17.7743
28.75;18.0802;17.7743
28.76;18.0802;17.7743
28.77;18.0802;17.7743
28.78;18.0802;17.728
28.79;18.0802;17.728
28.8;18.0802;17.728
28.81;18.0802;17.728
28.82;18.0802;17.728
28.83;18.0802;17.728
28.84;18.0802;17.728
28.85;18.0802;17.728
28.86;18.0802;17.728
28.87;18.0802;17.728
28.88;18.0802;17.728
28.89;18.0802;17.728
28.9;18.0802;17.728
28.91;18.0802;17.728
28.92;18.0802;17.728
28.93;18.0802;17.728
28.94;18.0802;17.728
28.95;18.0802;17.728
28.96;18.0802;17.728
28.97;18.1033;17.728
28.98;18.1033;17.728
28.99;18.1033;17.728
29;18.1033;17.728
29.01;18.1033;17.728
29.02;18.1033;17.728
29.03;18.1033;17.728
29.04;18.1033;17.7772
29.05;18.1033;17.7772
29.06;18.1033;17.7772
29.07;18.1033;17.7772
29.08;18.1033;17.7772
29.09;18.1033;17.7772
29.1;18.1033;17.7772
29.11;18.1033;17.7772
29.12;18.1033;17.7772
29.13;18.1033;17.7772
29.14;18.1033;17.7772
29.15;18.1033;17.7772
29.16;18.1033;17.7772
29.17;18.1033;17.7772
29.18;18.1033;17.7772
29.19;18.1033;17.7772
29.2;18.1033;17.7772
29.21;18.1033;17.7772
29.22;18.0802;17.7772
29.23;18.0802;17.7772
29.24;18.0802;17.7772
29.25;18.0802;17.7772
29.26;18.0802;17.7772
29.27;18.0802;17.7772
29.28;18.0802;17.7671
29.29;18.0802;17.7671
29.3;18.0802;17.7671
29.31;18.0802;17.7671
29.32;18.0802;17.7671
29.33;18.0802;17.7671
29.34;18.0802;17.7671
29.35;18.0802;17.7671
29.36;18.0802;17.7671
29.37;18.0802;17.7671
29.38;18.0802;17.7671
29.39;18.0802;17.7671
29.4;18.0802;17.7671
29.41;18.0802;17.7671
29.42;18.0802;17.7671
29.43;18.0802;17.7671
29.44;18.0802;17.7671
29.45;18.0802;17.7671
29.46;18.0874;17.7671
29.47;18.0874;17.7671
29.48;18.0874;17.7671
29.49;18.0874;17.7671
29.5;18.0874;17.7671
29.51;18.0874;17.7671
29.52;18.0874;17.7714
29.53;18.0874;17.7714
29.54;18.0874;17.7714
29.55;18.0874;17.7714
29.56;18.0874;17.7714
29.57;18.0874;17.7714
29.58;18.0874;17.7714
29.59;18.0874;17.7714
29.6;18.0874;17.7714
29.61;18.0874;17.7714
29.62;18.0874;17.7714
29.63;18.0874;17.7714
29.64;18.0874;17.7714
29.65;18.0874;17.7714
29.66;18.0874;17.7714
29.67;18.0874;17.7714
29.68;18.0874;17.7714
29.69;18.0874;17.7714
29.7;18.0874;17.7714
29.71;18.0758;17.7714
29.72;18.0758;17.7714
29.73;18.0758;17.7714
29.74;18.0758;17.7714
29.75;18.0758;17.7714
29.76;18.0758;17.7714
29.77;18.0758;17.7714
29.78;18.0758;17.7295
29.79;18.0758;17.7295
29.8;18.0758;17.7295
29.81;18.0758;17.7295
29.82;18.0758;17.7295
29.83;18.0758;17.7295
29.84;18.0758;17.7295
29.85;18.0758;17.7295
29.86;18.0758;17.7295
29.87;18.0758;17.7295
29.88;18.0758;17.7295
29.89;18.0758;17.7295
29.9;18.0758;17.7295
29.91;18.0758;17.7295
29.92;18.0758;17.7295
29.93;18.0758;17.7295
29.94;18.0758;17.7295
29.95;18.0758;17.7295
29.96;18.0946;17.7295
29.97;18.0946;17.7295
29.98;18.0946;17.7295
29.99;18.0946;17.7295
30;18.0946;17.7295
30.01;18.0946;17.7295
30.02;18.0946;17.7743
30.03;18.0946;17.7743
30.04;18.0946;17.7743
30.05;18.0946;17.7743
30.06;18.0946;17.7743
30.07;18.0946;17.7743
30.08;18.0946;17.7743
30.09;18.0946;17.7743
30.1;18.0946;17.7743
30.11;18.0946;17.7743
30.12;18.0946;17.7743
30.13;18.0946;17.7743
30.14;18.0946;17.7743
30.15;18.0946;17.7743
30.16;18.0946;17.7743
30.17;18.0946;17.7743
30.18;18.0946;17.7743
30.19;18.0946;17.7743
30.2;18.0787;17.7743
30.21;18.0787;17.7743
30.22;18.0787;17.7743
30.23;18.0787;17.7743
30.24;18.0787;17.7743
30.25;18.0787;17.7743
30.26;18.0787;17.7743
30.27;18.0787;17.7627
30.28;18.0787;17.7627
30.29;18.0787;17.7627
30.3;18.0787;17.7627
30.31;18.0787;17.7627
30.32;18.0787;17.7627
30.33;18.0787;17.7627
30.34;18.0787;17.7627
30.35;18.0787;17.7627
30.36;18.0787;17.7627
30.37;18.0787;17.7627
30.38;18.0787;17.7627
30.39;18.0787;17.7627
30.4;18.0787;17.7627
30.41;18.0787;17.7627
30.42;18.0787;17.7627
30.43;18.0787;17.7627
30.44;18.0787;17.7627
30.45;18.0917;17.7627
30.46;18.0917;17.7627
30.47;18.0917;17.7627
30.48;18.0917;17.7627
30.49;18.0917;17.7627
30.5;18.0917;17.7627
30.51;18.0917;17.7627
30.52;18.0917;17.7772
30.53;18.0917;17.7772
30.54;18.0917;17.7772
30.55;18.0917;17.7772
30.56;18.0917;17.7772
30.57;18.0917;17.7772
30.58;18.0917;17.7772
30.59;18.0917;17.7772
30.6;18.0917;17.7772
30.61;18.0917;17.7772
30.62;18.0917;17.7772
30.63;18.0917;17.7772
30.64;18.0917;17.7772
30.65;18.0917;17.7772
30.66;18.0917;17.7772
30.67;18.0917;17.7772
30.68;18.0917;17.7772
30.69;18.0917;17.7772
30.7;18.0715;17.7772
30.71;18.0715;17.7772
30.72;18.0715;17.7772
30.73;18.0715;17.7772
30.74;18.0715;17.7772
30.75;18.0715;17.7772
30.76;18.0715;17.7295
30.77;18.0715;17.7295
30.78;18.0715;17.7295
30.79;18.0715;17.7295
30.8;18.0715;17.7295
30.81;18.0715;17.7295
30.82;18.0715;17.7295
30.83;18.0715;17.7295
30.84;18.0715;17.7295
30.85;18.0715;17.7295
30.86;18.0715;17.7295
30.87;18.0715;17.7295
30.88;18.0715;17.7295
30.89;18.0715;17.7295
30.9;18.0715;17.7295
30.91;18.0715;17.7295
30.92;18.0715;17.7295
30.93;18.0715;17.7295
30.94;18.0715;17.7295
30.95;18.0874;17.7295
30.96;18.0874;17.7295
30.97;18.0874;17.7295
30.98;18.0874;17.7295
30.99;18.0874;17.7295
31;18.0874;17.7295
31.01;18.0874;17.7569
31.02;18.0874;17.7569
31.03;18.0874;17.7569
31.04;18.0874;17.7569
31.05;18.0874;17.7569
31.06;18.0874;17.7569
31.07;18.0874;17.7569
31.08;18.0874;17.7569
31.09;18.0874;17.7569
31.1;18.0874;17.7569
31.11;18.0874;17.7569
31.12;18.0874;17.7569
31.13;18.0874;17.7569
31.14;18.0874;17.7569
31.15;18.0874;17.7569
31.16;18.0874;17.7569
31.17;18.0874;17.7569
31.18;18.0874;17.7569
31.19;18.0787;17.7569
31.2;18.0787;17.7569
31.21;18.0787;17.7569
31.22;18.0787;17.7569
31.23;18.0787;17.7569
31.24;18.0787;17.7569
31.25;18.0787;17.7569
31.26;18.0787;17.7671
31.27;18.0787;17.7671
31.28;18.0787;17.7671
31.29;18.0787;17.7671
31.3;18.0787;17.7671
31.31;18.0787;17.7671
31.32;18.0787;17.7671
31.33;18.0787;17.7671
31.34;18.0787;17.7671
31.35;18.0787;17.7671
31.36;18.0787;17.7671
31.37;18.0787;17.7671
31.38;18.0787;17.7671
31.39;18.0787;17.7671
31.4;18.0787;17.7671
31.41;18.0787;17.7671
31.42;18.0787;17.7671
31.43;18.0787;17.7671
31.44;18.0787;17.7671
31.45;18.0874;17.7671
31.46;18.0874;17.7671
31.47;18.0874;17.7671
31.48;18.0874;17.7671
31.49;18.0874;17.7671
31.5;18.0874;17.7671
31.51;18.0874;17.7743
31.52;18.0874;17.7743
31.53;18.0874;17.7743
31.54;18.0874;17.7743
31.55;18.0874;17.7743
31.56;18.0874;17.7743
31.57;18.0874;17.7743
31.58;18.0874;17.7743
31.59;18.07;17.7743
31.6;18.07;17.7743
31.61;18.07;17.7743
31.62;18.07;17.7743
31.63;18.07;17.7743
31.64;18.07;17.7743
31.65;18.07;17.7743
31.66;18.07;17.7743
31.67;18.07;17.7743
31.68;18.07;17.7743
31.69;18.07;17.7743
31.7;18.07;17.7743
31.71;18.07;17.7743
31.72;18.07;17.7743
31.73;18.07;17.7743
31.74;18.07;17.7743
31.75;18.07;17.7323
31.76;18.07;17.7323
31.77;18.07;17.7323
31.78;18.07;17.7323
31.79;18.07;17.7323
31.8;18.07;17.7323
31.81;18.07;17.7323
31.82;18.07;17.7323
31.83;18.07;17.7323
31.84;18.07;17.7323
31.85;18.07;17.7323
31.86;18.07;17.7323
31.87;18.07;17.7323
31.88;18.07;17.7323
31.89;18.07;17.7323
31.9;18.07;17.7323
31.91;18.07;17.7323
31.92;18.07;17.7323
31.93;18.0874;17.7541
31.94;18.0874;17.7541
31.95;18.0874;17.7541
31.96;18.0874;17.7541
31.97;18.0874;17.7541
31.98;18.0874;17.7541
31.99;18.0874;17.7541
32;18.0874;17.7541
32.01;18.0874;17.7541
32.02;18.0874;17.7541
32.03;18.0874;17.7541
32.04;18.0874;17.7541
32.05;18.0874;17.7541
32.06;18.0874;17.7541
32.07;18.0874;17.7541
32.08;18.0874;17.7541
32.09;18.0874;17.7541
32.1;18.0874;17.7541
32.11;18.0874;17.7541
32.12;18.0874;17.7541
32.13;18.0874;17.7541
32.14;18.0874;17.7541
32.15;18.0874;17.7541
32.16;18.0874;17.7541
32.17;18.0874;17.7541
32.18;18.0874;17.7541
32.19;18.0874;17.7541
32.2;18.0874;17.7541
32.21;18.0874;17.7541
32.22;18.0874;17.7541
32.23;18.0874;17.7541
32.24;18.0744;17.7541
32.25;18.0744;17.7541
32.26;18.0744;17.7541
32.27;18.0744;17.7541
32.28;18.0744;17.7541
32.29;18.0744;17.7541
32.3;18.0744;17.7598
32.31;18.0744;17.7598
32.32;18.0744;17.7598
32.33;18.0744;17.7598
32.34;18.0744;17.7598
32.35;18.0744;17.7598
32.36;18.0744;17.7598
32.37;18.0744;17.7598
32.38;18.0744;17.7598
32.39;18.0744;17.7598
32.4;18.0744;17.7598
32.41;18.0744;17.7598
32.42;18.0744;17.7598
32.43;18.0744;17.7598
32.44;18.0744;17.7598
32.45;18.0744;17.7598
32.46;18.0744;17.7598
32.47;18.0744;17.7598
32.48;18.0744;17.7598
32.49;18.0946;17.7598
32.5;18.0946;17.7598
32.51;18.0946;17.7598
32.52;18.0946;17.7598
32.53;18.0946;17.7743
32.54;18.0946;17.7743
32.55;18.0946;17.7743
32.56;18.0946;17.7743
32.57;18.0946;17.7743
32.58;18.0946;17.7743
32.59;18.0946;17.7743
32.6;18.0946;17.7743
32.61;18.0946;17.7743
32.62;18.0946;17.7743
32.63;18.0874;17.7338
32.64;18.0874;17.7338
32.65;18.0874;17.7338
32.66;18.0874;17.7526
32.67;18.0874;17.7526
32.68;18.0874;17.7526
32.69;18.0874;17.7526
32.7;18.0874;17.7526
32.71;18.0874;17.7526
32.72;18.0874;17.7526
32.73;18.0874;17.7526
32.74;18.0874;17.7526
32.75;18.0874;17.7526
32.76;18.0874;17.7526
32.77;18.0874;17.7526
32.78;18.0874;17.7526
32.79;18.0874;17.7526
32.8;18.0874;17.7526
32.81;18.0874;17.7526
32.82;18.0874;17.7526
32.83;18.0874;17.7526
32.84;18.0874;17.7526
32.85;18.0874;17.7526
32.86;18.0874;17.7526
32.87;18.0874;17.7526
32.88;18.0874;17.7526
32.89;18.0874;17.7526
32.9;18.0874;17.7526
32.91;18.0874;17.7526
32.92;18.0874;17.7526
32.93;18.0874;17.7526
32.94;18.0874;17.7526
32.95;18.0874;17.7526
32.96;18.0874;17.7526
32.97;18.0874;17.7526
32.98;18.0874;17.7526
32.99;18.0874;17.7526
33;18.0874;17.7526
33.01;18.0874;17.7526
33.02;18.0874;17.7526
33.03;18.0874;17.7526
33.04;18.0874;17.7526
33.05;18.0874;17.7526
33.06;18.0874;17.7526
33.07;18.0874;17.7526
33.08;18.0787;17.7526
33.09;18.0787;17.7526
33.1;18.0787;17.7526
33.11;18.0787;17.7526
33.12;18.0787;17.7526
33.13;18.0787;17.7526
33.14;18.0787;17.7526
33.15;18.0787;17.7526
33.16;18.0787;17.7526
33.17;18.0787;17.7526
33.18;18.0787;17.7526
33.19;18.0787;17.7526
33.2;18.0787;17.7526
33.21;18.0787;17.7526
33.22;18.0787;17.7526
33.23;18.0787;17.7613
33.24;18.0787;17.7613
33.25;18.0787;17.7613
33.26;18.0787;17.7613
33.27;18.0787;17.7613
33.28;18.0787;17.7613
33.29;18.0787;17.7613
33.3;18.0787;17.7613
33.31;18.0787;17.7613
33.32;18.0787;17.7613
33.33;18.0787;17.7613
33.34;18.0787;17.7613
33.35;18.0787;17.7613
33.36;18.0787;17.7613
33.37;18.0787;17.7613
33.38;18.0787;17.7613
33.39;18.0787;17.7613
33.4;18.0874;17.7613
33.41;18.0874;17.7613
33.42;18.0874;17.7613
33.43;18.0874;17.7613
33.44;18.0874;17.7613
33.45;18.0874;17.7613
33.46;18.0874;17.7613
33.47;18.0874;17.7613
33.48;18.0874;17.7729
33.49;18.0874;17.7729
33.5;18.0874;17.7729
33.51;18.0874;17.7729
33.52;18.0874;17.7729
33.53;18.0874;17.7729
33.54;18.0874;17.7729
33.55;18.0874;17.7729
33.56;18.0874;17.7729
33.57;18.0874;17.7729
33.58;18.0874;17.7729
33.59;18.0874;17.7729
33.6;18.0874;17.7729
33.61;18.0874;17.7729
33.62;18.0874;17.7729
33.63;18.0874;17.7729
33.64;18.0874;17.7729
33.65;18.0874;17.7729
33.66;18.0932;17.7352
33.67;18.0932;17.7352
33.68;18.0932;17.7352
33.69;18.0932;17.7352
33.7;18.0932;17.7352
33.71;18.0932;17.7352
33.72;18.0932;17.7352
33.73;18.0932;17.7352
33.74;18.0932;17.7497
33.75;18.0932;17.7497
33.76;18.0932;17.7497
33.77;18.0932;17.7497
33.78;18.0932;17.7497
33.79;18.0932;17.7497
33.8;18.0932;17.7497
33.81;18.0932;17.7497
33.82;18.0932;17.7497
33.83;18.0932;17.7497
33.84;18.0932;17.7497
33.85;18.0932;17.7497
33.86;18.0932;17.7497
33.87;18.0932;17.7497
33.88;18.0932;17.7497
33.89;18.0932;17.7497
33.9;18.0932;17.7497
33.91;18.0932;17.7497
33.92;18.0932;17.7497
33.93;18.0932;17.7497
33.94;18.0932;17.7497
33.95;18.0932;17.7497
33.96;18.0932;17.7497
33.97;18.0932;17.7497
33.98;18.0932;17.7497
33.99;18.0932;17.7497
34;18.0932;17.7497
34.01;18.0932;17.7497
34.02;18.0932;17.7497
34.03;18.0932;17.7497
34.04;18.0932;17.7497
34.05;18.0932;17.7497
34.06;18.0932;17.7497
34.07;18.0932;17.7497
34.08;18.0932;17.7497
34.09;18.0932;17.7497
34.1;18.0932;17.7497
34.11;18.0932;17.7497
34.12;18.0932;17.7497
34.13;18.0932;17.7497
34.14;18.0932;17.7497
34.15;18.0715;17.7497
34.16;18.0715;17.7497
34.17;18.0715;17.7497
34.18;18.0715;17.7497
34.19;18.0715;17.7497
34.2;18.0715;17.7497
34.21;18.0715;17.7497
34.22;18.0715;17.7497
34.23;18.0715;17.7497
34.24;18.0715;17.7497
34.25;18.0715;17.7497
34.26;18.0715;17.7497
34.27;18.0715;17.7497
34.28;18.0874;17.7729
34.29;18.0874;17.7729
34.3;18.0874;17.7729
34.31;18.0874;17.7729
34.32;18.0874;17.7729
34.33;18.0874;17.7729
34.34;18.0874;17.7729
34.35;18.0874;17.7729
34.36;18.0874;17.7729
34.37;18.0874;17.7729
34.38;18.0874;17.7729
34.39;18.0874;17.7729
34.4;18.0874;17.7729
34.41;18.0874;17.7729
34.42;18.0874;17.7729
34.43;18.0874;17.7729
34.44;18.0874;17.7729
34.45;18.0874;17.7729
34.46;18.0874;17.7729
34.47;18.0874;17.7729
34.48;18.0874;17.7729
34.49;18.0874;17.7729
34.5;18.0874;17.7729
34.51;18.0874;17.7729
34.52;18.0874;17.7729
34.53;18.0874;17.7729
34.54;18.0874;17.7729
34.55;18.0874;17.7729
34.56;18.0874;17.7729
34.57;18.0874;17.7729
34.58;18.0874;17.7729
34.59;18.0874;17.7729
34.6;18.0874;17.7729
34.61;18.0874;17.7729
34.62;18.0874;17.7729
34.63;18.0874;17.7729
34.64;18.0686;17.7381
34.65;18.0686;17.7381
34.66;18.0686;17.7381
34.67;18.0686;17.7381
34.68;18.0686;17.7381
34.69;18.0686;17.7381
34.7;18.0686;17.7381
34.71;18.0686;17.7381
34.72;18.0859;17.7323
34.73;18.0859;17.7323
34.74;18.0859;17.7323
34.75;18.0859;17.7323
34.76;18.0859;17.7323
34.77;18.0859;17.7323
34.78;18.0859;17.7323
34.79;18.0671;17.7627
34.8;18.0671;17.7627
34.81;18.0671;17.7627
34.82;18.0671;17.7627
34.83;18.0671;17.7627
34.84;18.0671;17.7627
34.85;18.0671;17.7627
34.86;18.0671;17.7627
34.87;18.0671;17.7627
34.88;18.0671;17.7627
34.89;18.0671;17.7627
34.9;18.0671;17.7627
34.91;18.0671;17.7627
34.92;18.0671;17.7627
34.93;18.0671;17.7627
34.94;18.0671;17.7627
34.95;18.0671;17.7627
34.96;18.0671;17.7627
34.97;18.0671;17.7627
34.98;18.0671;17.7627
34.99;18.0671;17.7627
35;18.0671;17.7627
35.01;18.0671;17.7627
35.02;18.0671;17.7627
35.03;18.0671;17.7627
35.04;18.0671;17.7627
35.05;18.0671;17.7627
35.06;18.0671;17.7627
35.07;18.0671;17.7627
35.08;18.0671;17.7627
35.09;18.0671;17.7627
35.1;18.0671;17.7627
35.11;18.0671;17.7627
35.12;18.0671;17.7627
35.13;18.0903;17.7627
35.14;18.0903;17.7627
35.15;18.0903;17.7627
35.16;18.0903;17.7627
35.17;18.0903;17.7627
35.18;18.0903;17.7627
35.19;18.0903;17.7627
35.2;18.0903;17.7627
35.21;18.0903;17.7627
35.22;18.0903;17.7627
35.23;18.0903;17.7627
35.24;18.0903;17.7627
35.25;18.0903;17.7627
35.26;18.0903;17.7729
35.27;18.0903;17.7729
35.28;18.0903;17.7729
35.29;18.0903;17.7729
35.3;18.0903;17.7729
35.31;18.0903;17.7729
35.32;18.0903;17.7729
35.33;18.0903;17.7729
35.34;18.0903;17.7729
35.35;18.0903;17.7729
35.36;18.0903;17.7729
35.37;18.0903;17.7729
35.38;18.0903;17.7729
35.39;18.0903;17.7729
35.4;18.0903;17.7729
35.41;18.0903;17.7729
35.42;18.0903;17.7729
35.43;18.0903;17.7729
35.44;18.0903;17.7729
35.45;18.0903;17.7729
35.46;18.0903;17.7729
35.47;18.0903;17.7729
35.48;18.0903;17.7729
35.49;18.0903;17.7729
35.5;18.0903;17.7729
35.51;18.0903;17.7729
35.52;18.0903;17.7729
35.53;18.0903;17.7729
35.54;18.0903;17.7729
35.55;18.0903;17.7729
35.56;18.0903;17.7729
35.57;18.0903;17.7729
35.58;18.07;17.7396
35.59;18.07;17.7396
35.6;18.07;17.7396
35.61;18.07;17.7396
35.62;18.07;17.7396
35.63;18.07;17.7396
35.64;18.07;17.7396
35.65;18.0845;17.7396
35.66;18.0845;17.7396
35.67;18.0845;17.7396
35.68;18.0845;17.7396
35.69;18.0845;17.7396
35.7;18.0845;17.7396
35.71;18.0845;17.7396
35.72;18.0845;17.7396
35.73;18.0845;17.7396
35.74;18.0845;17.7396
35.75;18.0845;17.7396
35.76;18.0845;17.7396
35.77;18.0845;17.7396
35.78;18.0845;17.7396
35.79;18.0845;17.7454
35.8;18.0845;17.7454
35.81;18.0845;17.7454
35.82;18.0845;17.7454
35.83;18.0845;17.7454
35.84;18.0845;17.7454
35.85;18.0845;17.7454
35.86;18.0845;17.7454
35.87;18.0845;17.7454
35.88;18.0671;17.7454
35.89;18.0671;17.7454
35.9;18.0671;17.7454
35.91;18.0671;17.7454
35.92;18.0671;17.7454
35.93;18.0671;17.7454
35.94;18.0671;17.7454
35.95;18.0671;17.7454
35.96;18.0671;17.7627
35.97;18.0671;17.7627
35.98;18.0671;17.7627
35.99;18.0671;17.7627
36;18.0671;17.7627
36.01;18.0671;17.7627
36.02;18.0671;17.7627
36.03;18.0671;17.7627
36.04;18.0671;17.7627
36.05;18.0671;17.7627
36.06;18.0671;17.7627
36.07;18.0671;17.7627
36.08;18.0671;17.7627
36.09;18.0671;17.7627
36.1;18.0671;17.7627
36.11;18.0671;17.7627
36.12;18.0845;17.7627
36.13;18.0845;17.7627
36.14;18.0845;17.7627
36.15;18.0845;17.7627
36.16;18.0845;17.7627
36.17;18.0845;17.7627
36.18;18.0845;17.7627
36.19;18.0845;17.7627
36.2;18.0845;17.7627
36.21;18.0845;17.7627
36.22;18.0845;17.7627
36.23;18.0845;17.7627
36.24;18.0845;17.7714
36.25;18.0845;17.7714
36.26;18.0845;17.7714
36.27;18.0845;17.7714
36.28;18.0845;17.7714
36.29;18.0845;17.7714
36.3;18.0845;17.7714
36.31;18.0845;17.7714
36.32;18.0845;17.7714
36.33;18.0845;17.7714
36.34;18.0845;17.7714
36.35;18.0845;17.7714
36.36;18.0845;17.7714
36.37;18.0845;17.7714
36.38;18.0845;17.7714
36.39;18.0845;17.7714
36.4;18.0845;17.7714
36.41;18.0845;17.7714
36.42;18.0845;17.7714
36.43;18.0845;17.7714
36.44;18.0845;17.7714
36.45;18.0657;17.7714
36.46;18.0657;17.7714
36.47;18.0657;17.7714
36.48;18.0657;17.7714
36.49;18.0657;17.7714
36.5;18.0657;17.7439
36.51;18.0657;17.7439
36.52;18.0657;17.7439
36.53;18.0657;17.7439
36.54;18.0657;17.7439
36.55;18.0657;17.7439
36.56;18.0816;17.7439
36.57;18.0816;17.7439
36.58;18.0816;17.7439
36.59;18.0816;17.7439
36.6;18.0816;17.7439
36.61;18.0816;17.7439
36.62;18.0816;17.7439
36.63;18.0816;17.7439
36.64;18.0816;17.7439
36.65;18.0816;17.7439
36.66;18.0816;17.7439
36.67;18.0816;17.7439
36.68;18.0816;17.7425
36.69;18.0816;17.7425
36.7;18.0816;17.7425
36.71;18.0816;17.7425
36.72;18.0816;17.7425
36.73;18.0816;17.7425
36.74;18.0816;17.7425
36.75;18.0816;17.7425
36.76;18.0816;17.7425
36.77;18.0816;17.7425
36.78;18.0816;17.7425
36.79;18.0816;17.7425
36.8;18.0816;17.7425
36.81;18.0816;17.7425
36.82;18.0816;17.7425
36.83;18.0816;17.7425
36.84;18.0816;17.7425
36.85;18.0816;17.7425
36.86;18.0816;17.7425
36.87;18.0816;17.7425
36.88;18.0816;17.7425
36.89;18.0642;17.7627
36.9;18.0642;17.7627
36.91;18.0642;17.7627
36.92;18.0642;17.7627
36.93;18.0642;17.7627
36.94;18.0642;17.7627
